[
  {
    "name": "officedev-microsoft-teams-samples-bot-formatting-cards-csharp",
    "source": "officeDev",
    "title": "Different formatting on cards",
    "shortDescription": "This sample shows how to use different formatting on adaptive cards using bot.",
    "url": "https://github.com/OfficeDev/Microsoft-Teams-Samples/tree/main/samples/bot-formatting-cards/csharp",
    "longDescription": [
      "This sample shows how to use different formatting on adaptive cards using bot."
    ],
    "creationDateTime": "2023-30-01",
    "updateDateTime": "2023-31-01",
    "products": [
      "Teams"
    ],
    "metadata": [
      {
        "key": "TEAMS-SAMPLE-SOURCE",
        "value": "OfficeDev"
      },
      {
        "key": "TEAMS-SERVER-LANGUAGE",
        "value": "csharp"
      },
      {
        "key": "TEAMS-SERVER-PLATFORM",
        "value": "netframework"
      },
      {
        "key": "TEAMS-FEATURES",
        "value": "bot"
      }
    ],
    "thumbnails": [
      {
        "type": "image",
        "order": 100,
        "url": "https://raw.githubusercontent.com/OfficeDev/Microsoft-Teams-Samples/main/samples/bot-formatting-cards/csharp/BotFormattingCards/Images/DifferentFormattingCards.gif",
        "alt": "Solution UX showing different formatting on Cards."
      }
    ],
    "authors": [
      {
        "gitHubAccount": "OfficeDev",
        "pictureUrl": "https://avatars.githubusercontent.com/u/6789362?s=200&v=4",
        "name": "OfficeDev"
      }
    ],
    "references": [
      {
        "name": "Teams developer documentation",
        "url": "https://aka.ms/TeamsPlatformDocs"
      },
      {
        "name": "Teams developer questions",
        "url": "https://aka.ms/TeamsPlatformFeedback"
      },
      {
        "name": "Teams development videos from Microsoft",
        "url": "https://aka.ms/sample-ref-teams-vids-from-microsoft"
      },
      {
        "name": "Teams development videos from the community",
        "url": "https://aka.ms/sample-ref-teams-vids-from-community"
      }
    ]
  }
]