{
  "id": "${{AAD_APP_OBJECT_ID}}",
  "appId": "${{AAD_APP_CLIENT_ID}}",
  "displayName": "tab-auth-entra-account-aad",
  "signInAudience": "AzureADMultipleOrgs",
  "api": {
    "requestedAccessTokenVersion": 2
  },
  "info": {},
  "optionalClaims": {
    "idToken": [],
    "accessToken": [
      {
        "name": "idtyp",
        "source": null,
        "essential": false,
        "additionalProperties": []
      }
    ],
    "saml2Token": []
  },
  "publicClient": {
    "redirectUris": []
  },
  "requiredResourceAccess": [
    {
      "resourceAppId": "Microsoft Graph",
      "resourceAccess": [
        {
          "id": "User.Read",
          "type": "Scope"
        }
      ]
    }
  ],
  "web": {
    "redirectUris": [
      "${{TAB_ENDPOINT}}/Auth/AuthStart",
      "${{TAB_ENDPOINT}}/Auth/AuthEnd"
    ],
    "implicitGrantSettings": {}
  },
  "spa": {
    "redirectUris": []
  }
}
