[
  {
    "name": "officedev-microsoft-teams-samples-app-caching-in-meetings-nodejs",
    "source": "officeDev",
    "title": "App Caching in Meetings",
    "shortDescription": "This sample shows how to improve the subsequent loading time of an App",
    "url": "https://github.com/OfficeDev/Microsoft-Teams-Samples/tree/main/samples/app-cache-meetings/nodejs",
    "longDescription": [
      "This sample feature shows how to improve the subsequent loading time of an App that the user has visited during the current meeting. The tab is loaded as an sidepanel in meeting."
    ],
    "creationDateTime": "2022-11-11",
    "updateDateTime": "2022-05-31",
    "products": [
      "Teams"
    ],
    "metadata": [
      {
        "key": "TEAMS-SAMPLE-SOURCE",
        "value": "OfficeDev"
      },
      {
        "key": "TEAMS-SERVER-LANGUAGE",
        "value": "javascript"
      },
      {
        "key": "TEAMS-SERVER-PLATFORM",
        "value": "express"
      },
      {
        "key": "TEAMS-FEATURES",
        "value": "Cache"
      }
    ],
    "thumbnails": [
      {
        "type": "image",
        "order": 100,
        "url": "https://raw.githubusercontent.com/OfficeDev/Microsoft-Teams-Samples/main/samples/app-cache-meetings/nodejs/Images/AppCacheSample.gif",
        "alt": "Solution UX showing microsoft teams sample for App Caching in Meetings"
      }
    ],
    "authors": [
      {
        "gitHubAccount": "OfficeDev",
        "pictureUrl": "https://avatars.githubusercontent.com/u/6789362?s=200&v=4",
        "name": "OfficeDev"
      }
    ],
    "references": [
      {
        "name": "Teams developer documentation",
        "url": "https://aka.ms/TeamsPlatformDocs"
      },
      {
        "name": "Teams developer questions",
        "url": "https://aka.ms/TeamsPlatformFeedback"
      },
      {
        "name": "Teams development videos from Microsoft",
        "url": "https://aka.ms/sample-ref-teams-vids-from-microsoft"
      },
      {
        "name": "Teams development videos from the community",
        "url": "https://aka.ms/sample-ref-teams-vids-from-community"
      }
    ]
  }
]
