<?xml version="1.0"?>
<doc>
    <assembly>
        <name>Microsoft.Teams.Apps.QBot.Infrastructure</name>
    </assembly>
    <members>
        <member name="T:Microsoft.Teams.Apps.QBot.Infrastructure.BackgroundServices.BackgroundServicesExtensions">
            <summary>
            Background services extensions.
            </summary>
        </member>
        <member name="M:Microsoft.Teams.Apps.QBot.Infrastructure.BackgroundServices.BackgroundServicesExtensions.AddBackgroundServices(Microsoft.Extensions.DependencyInjection.IServiceCollection,Microsoft.Extensions.Configuration.IConfiguration)">
             <summary>
             Service Collection extension.
            
             Injects backgorund services.
             </summary>
             <param name="services">Servie collection.</param>
             <param name="configuration">Configuration.</param>
             <returns>Service collection.</returns>
        </member>
        <member name="T:Microsoft.Teams.Apps.QBot.Infrastructure.BackgroundServices.BackgroundServicesSettings">
            <summary>
            Background services settings.
            </summary>
        </member>
        <member name="P:Microsoft.Teams.Apps.QBot.Infrastructure.BackgroundServices.BackgroundServicesSettings.PublishKbFrequencyInMinutes">
            <summary>
            Gets or sets publish kb setting.
            </summary>
        </member>
        <member name="P:Microsoft.Teams.Apps.QBot.Infrastructure.BackgroundServices.BackgroundServicesSettings.DeleteUserDataFrequencyInDays">
            <summary>
            Gets or sets delete user data frequency.
            </summary>
        </member>
        <member name="T:Microsoft.Teams.Apps.QBot.Infrastructure.BackgroundServices.DeleteUserDataHostedService">
            <summary>
            Background service that periodically deletes user data if the user is no longer part of any course.
            </summary>
        </member>
        <member name="M:Microsoft.Teams.Apps.QBot.Infrastructure.BackgroundServices.DeleteUserDataHostedService.#ctor(Microsoft.Teams.Apps.QBot.Infrastructure.BackgroundServices.BackgroundServicesSettings,Microsoft.Extensions.DependencyInjection.IServiceScopeFactory,Microsoft.Extensions.Logging.ILogger{Microsoft.Teams.Apps.QBot.Infrastructure.BackgroundServices.DeleteUserDataHostedService},Microsoft.ApplicationInsights.TelemetryClient)">
            <summary>
            Initializes a new instance of the <see cref="T:Microsoft.Teams.Apps.QBot.Infrastructure.BackgroundServices.DeleteUserDataHostedService"/> class.
            </summary>
            <param name="settings">background services settings.</param>
            <param name="scopeFactory">Service scope factory.</param>
            <param name="logger">Logger.</param>
            <param name="telemetryClient">Telemetry client.</param>
        </member>
        <member name="M:Microsoft.Teams.Apps.QBot.Infrastructure.BackgroundServices.DeleteUserDataHostedService.ExecuteAsync(System.Threading.CancellationToken)">
            <inheritdoc/>
        </member>
        <member name="T:Microsoft.Teams.Apps.QBot.Infrastructure.BackgroundServices.PublishKbHostedService">
            <summary>
            Background service that publishes Kb every fixed intervel.
            </summary>
        </member>
        <member name="M:Microsoft.Teams.Apps.QBot.Infrastructure.BackgroundServices.PublishKbHostedService.#ctor(Microsoft.Teams.Apps.QBot.Infrastructure.BackgroundServices.BackgroundServicesSettings,Microsoft.Teams.Apps.QBot.Domain.IServices.IQnAService,Microsoft.Extensions.Logging.ILogger{Microsoft.Teams.Apps.QBot.Infrastructure.BackgroundServices.PublishKbHostedService},Microsoft.ApplicationInsights.TelemetryClient)">
            <summary>
            Initializes a new instance of the <see cref="T:Microsoft.Teams.Apps.QBot.Infrastructure.BackgroundServices.PublishKbHostedService"/> class.
            </summary>
            <param name="settings">background services settings.</param>
            <param name="qnAService">QnA service.</param>
            <param name="logger">Logger.</param>
            <param name="telemetryClient">Telemetry client.</param>
        </member>
        <member name="M:Microsoft.Teams.Apps.QBot.Infrastructure.BackgroundServices.PublishKbHostedService.ExecuteAsync(System.Threading.CancellationToken)">
            <inheritdoc/>
        </member>
        <member name="T:Microsoft.Teams.Apps.QBot.Infrastructure.Data.Configurations.AnswerConfiguration">
            <summary>
            <see cref="T:Microsoft.Teams.Apps.QBot.Infrastructure.Data.AnswerEntity"/> configuration.
            </summary>
        </member>
        <member name="M:Microsoft.Teams.Apps.QBot.Infrastructure.Data.Configurations.AnswerConfiguration.Configure(Microsoft.EntityFrameworkCore.Metadata.Builders.EntityTypeBuilder{Microsoft.Teams.Apps.QBot.Infrastructure.Data.AnswerEntity})">
            <inheritdoc/>
        </member>
        <member name="T:Microsoft.Teams.Apps.QBot.Infrastructure.Data.Configurations.AppSettingConfiguration">
            <summary>
            <see cref="T:Microsoft.Teams.Apps.QBot.Infrastructure.Data.AppSettingEntity"/> configuration.
            </summary>
        </member>
        <member name="M:Microsoft.Teams.Apps.QBot.Infrastructure.Data.Configurations.AppSettingConfiguration.Configure(Microsoft.EntityFrameworkCore.Metadata.Builders.EntityTypeBuilder{Microsoft.Teams.Apps.QBot.Infrastructure.Data.AppSettingEntity})">
            <inheritdoc/>
        </member>
        <member name="T:Microsoft.Teams.Apps.QBot.Infrastructure.Data.Configurations.CourseConfiguration">
            <summary>
            Course entity configuration.
            </summary>
        </member>
        <member name="M:Microsoft.Teams.Apps.QBot.Infrastructure.Data.Configurations.CourseConfiguration.Configure(Microsoft.EntityFrameworkCore.Metadata.Builders.EntityTypeBuilder{Microsoft.Teams.Apps.QBot.Infrastructure.Data.CourseEntity})">
            <inheritdoc/>
        </member>
        <member name="T:Microsoft.Teams.Apps.QBot.Infrastructure.Data.Configurations.CourseMemberConfiguration">
             <summary>
             <see cref="T:Microsoft.Teams.Apps.QBot.Infrastructure.Data.CourseMemberEntity"/> configuration.
            
             <see cref="T:Microsoft.Teams.Apps.QBot.Infrastructure.Data.MemberRepository"/> manages course members.
             </summary>
        </member>
        <member name="M:Microsoft.Teams.Apps.QBot.Infrastructure.Data.Configurations.CourseMemberConfiguration.Configure(Microsoft.EntityFrameworkCore.Metadata.Builders.EntityTypeBuilder{Microsoft.Teams.Apps.QBot.Infrastructure.Data.CourseMemberEntity})">
            <inheritdoc/>
        </member>
        <member name="T:Microsoft.Teams.Apps.QBot.Infrastructure.Data.Configurations.KnowledgeBaseConfiguration">
            <summary>
            <see cref="T:Microsoft.Teams.Apps.QBot.Infrastructure.Data.KnowledgeBaseEntity"/> configuration.
            </summary>
        </member>
        <member name="M:Microsoft.Teams.Apps.QBot.Infrastructure.Data.Configurations.KnowledgeBaseConfiguration.Configure(Microsoft.EntityFrameworkCore.Metadata.Builders.EntityTypeBuilder{Microsoft.Teams.Apps.QBot.Infrastructure.Data.KnowledgeBaseEntity})">
            <inheritdoc/>
        </member>
        <member name="T:Microsoft.Teams.Apps.QBot.Infrastructure.Data.Configurations.QuestionConfiguration">
            <summary>
            <see cref="T:Microsoft.Teams.Apps.QBot.Infrastructure.Data.QuestionEntity"/> configuration.
            </summary>
        </member>
        <member name="M:Microsoft.Teams.Apps.QBot.Infrastructure.Data.Configurations.QuestionConfiguration.Configure(Microsoft.EntityFrameworkCore.Metadata.Builders.EntityTypeBuilder{Microsoft.Teams.Apps.QBot.Infrastructure.Data.QuestionEntity})">
            <inheritdoc/>
        </member>
        <member name="T:Microsoft.Teams.Apps.QBot.Infrastructure.Data.Configurations.TutorialGroupConfiguration">
            <summary>
            <see cref="T:Microsoft.Teams.Apps.QBot.Infrastructure.Data.TutorialGroupEntity"/> configuration.
            </summary>
        </member>
        <member name="M:Microsoft.Teams.Apps.QBot.Infrastructure.Data.Configurations.TutorialGroupConfiguration.Configure(Microsoft.EntityFrameworkCore.Metadata.Builders.EntityTypeBuilder{Microsoft.Teams.Apps.QBot.Infrastructure.Data.TutorialGroupEntity})">
            <inheritdoc/>
        </member>
        <member name="T:Microsoft.Teams.Apps.QBot.Infrastructure.Data.Configurations.TutorialGroupMemberConfiguration">
            <summary>
            <see cref="T:Microsoft.Teams.Apps.QBot.Infrastructure.Data.TutorialGroupMemberEntity"/> configuration.
            </summary>
        </member>
        <member name="M:Microsoft.Teams.Apps.QBot.Infrastructure.Data.Configurations.TutorialGroupMemberConfiguration.Configure(Microsoft.EntityFrameworkCore.Metadata.Builders.EntityTypeBuilder{Microsoft.Teams.Apps.QBot.Infrastructure.Data.TutorialGroupMemberEntity})">
            <inheritdoc/>
        </member>
        <member name="T:Microsoft.Teams.Apps.QBot.Infrastructure.Data.Configurations.UserConfiguration">
            <summary>
            <see cref="T:Microsoft.Teams.Apps.QBot.Infrastructure.Data.UserEntity"/> configuration.
            </summary>
        </member>
        <member name="M:Microsoft.Teams.Apps.QBot.Infrastructure.Data.Configurations.UserConfiguration.Configure(Microsoft.EntityFrameworkCore.Metadata.Builders.EntityTypeBuilder{Microsoft.Teams.Apps.QBot.Infrastructure.Data.UserEntity})">
            <inheritdoc/>
        </member>
        <member name="T:Microsoft.Teams.Apps.QBot.Infrastructure.Data.ChannelConfiguration">
            <summary>
            <see cref="T:Microsoft.Teams.Apps.QBot.Infrastructure.Data.ChannelEntity"/> configuration.
            </summary>
        </member>
        <member name="M:Microsoft.Teams.Apps.QBot.Infrastructure.Data.ChannelConfiguration.Configure(Microsoft.EntityFrameworkCore.Metadata.Builders.EntityTypeBuilder{Microsoft.Teams.Apps.QBot.Infrastructure.Data.ChannelEntity})">
            <inheritdoc/>
        </member>
        <member name="T:Microsoft.Teams.Apps.QBot.Infrastructure.Data.DataExtensions">
            <summary>
            Data extensions.
            </summary>
        </member>
        <member name="M:Microsoft.Teams.Apps.QBot.Infrastructure.Data.DataExtensions.AddSqlServerStorage(Microsoft.Extensions.DependencyInjection.IServiceCollection,Microsoft.Extensions.Configuration.IConfiguration)">
             <summary>
             Service Collection extension.
            
             Injects concrete implementations of repositories defined in the Domain project.
             </summary>
             <param name="services">Service collection.</param>
             <param name="configuration">Configuration.</param>
             <returns>Service Collection.</returns>
        </member>
        <member name="T:Microsoft.Teams.Apps.QBot.Infrastructure.Data.AnswerEntity">
            <summary>
            Answer entity.
            </summary>
        </member>
        <member name="P:Microsoft.Teams.Apps.QBot.Infrastructure.Data.AnswerEntity.Id">
            <summary>
            Gets or sets answer's Id.
            </summary>
        </member>
        <member name="P:Microsoft.Teams.Apps.QBot.Infrastructure.Data.AnswerEntity.QuestionId">
            <summary>
            Gets or sets question Id.
            </summary>
        </member>
        <member name="P:Microsoft.Teams.Apps.QBot.Infrastructure.Data.AnswerEntity.CourseId">
            <summary>
            Gets or sets course's id where the answer is posted.
            </summary>
        </member>
        <member name="P:Microsoft.Teams.Apps.QBot.Infrastructure.Data.AnswerEntity.ChannelId">
            <summary>
            Gets or sets channel's id where the answer is posted.
            </summary>
        </member>
        <member name="P:Microsoft.Teams.Apps.QBot.Infrastructure.Data.AnswerEntity.MessageId">
            <summary>
            Gets or sets Teams message id corresponding to the answer.
            </summary>
        </member>
        <member name="P:Microsoft.Teams.Apps.QBot.Infrastructure.Data.AnswerEntity.AuthorId">
            <summary>
            Gets or sets user's Teams Id who posted the answer.
            </summary>
        </member>
        <member name="P:Microsoft.Teams.Apps.QBot.Infrastructure.Data.AnswerEntity.AcceptedById">
            <summary>
            Gets or sets user's Team Id who accepted the answer.
            </summary>
        </member>
        <member name="P:Microsoft.Teams.Apps.QBot.Infrastructure.Data.AnswerEntity.TimeStamp">
            <summary>
            Gets or sets timestamp when this answer was posted.
            </summary>
        </member>
        <member name="P:Microsoft.Teams.Apps.QBot.Infrastructure.Data.AnswerEntity.Question">
            <summary>
            Gets or sets question entity.
            </summary>
        </member>
        <member name="T:Microsoft.Teams.Apps.QBot.Infrastructure.Data.AppSettingEntity">
            <summary>
            App settings entity.
            </summary>
        </member>
        <member name="P:Microsoft.Teams.Apps.QBot.Infrastructure.Data.AppSettingEntity.Key">
            <summary>
            Gets or sets key of the setting.
            </summary>
        </member>
        <member name="P:Microsoft.Teams.Apps.QBot.Infrastructure.Data.AppSettingEntity.Value">
            <summary>
            Gets or sets the value of the setting.
            </summary>
        </member>
        <member name="T:Microsoft.Teams.Apps.QBot.Infrastructure.Data.ChannelEntity">
            <summary>
            Channel Entity.
            </summary>
        </member>
        <member name="M:Microsoft.Teams.Apps.QBot.Infrastructure.Data.ChannelEntity.#ctor">
            <summary>
            Initializes a new instance of the <see cref="T:Microsoft.Teams.Apps.QBot.Infrastructure.Data.ChannelEntity"/> class.
            </summary>
        </member>
        <member name="P:Microsoft.Teams.Apps.QBot.Infrastructure.Data.ChannelEntity.Id">
            <summary>
            Gets or sets channel's Team Id.
            </summary>
        </member>
        <member name="P:Microsoft.Teams.Apps.QBot.Infrastructure.Data.ChannelEntity.Name">
            <summary>
            Gets or sets channel's name.
            </summary>
        </member>
        <member name="P:Microsoft.Teams.Apps.QBot.Infrastructure.Data.ChannelEntity.CourseId">
            <summary>
            Gets or sets channel's course id.
            </summary>
        </member>
        <member name="P:Microsoft.Teams.Apps.QBot.Infrastructure.Data.ChannelEntity.Questions">
            <summary>
            Gets or sets collection of question entities.
            </summary>
        </member>
        <member name="T:Microsoft.Teams.Apps.QBot.Infrastructure.Data.CourseEntity">
            <summary>
            Course Entity.
            </summary>
        </member>
        <member name="M:Microsoft.Teams.Apps.QBot.Infrastructure.Data.CourseEntity.#ctor">
            <summary>
            Initializes a new instance of the <see cref="T:Microsoft.Teams.Apps.QBot.Infrastructure.Data.CourseEntity"/> class.
            </summary>
        </member>
        <member name="P:Microsoft.Teams.Apps.QBot.Infrastructure.Data.CourseEntity.Id">
            <summary>
            Gets or sets the Id of the Course.
            </summary>
        </member>
        <member name="P:Microsoft.Teams.Apps.QBot.Infrastructure.Data.CourseEntity.TeamId">
            <summary>
            Gets or sets the Bot Framework id of the Team associated with this Course.
            </summary>
        </member>
        <member name="P:Microsoft.Teams.Apps.QBot.Infrastructure.Data.CourseEntity.TeamAadObjectId">
            <summary>
            Gets or sets the Azure Active Directory Id for the Team.
            </summary>
        </member>
        <member name="P:Microsoft.Teams.Apps.QBot.Infrastructure.Data.CourseEntity.Name">
            <summary>
            Gets or sets Course name.
            </summary>
        </member>
        <member name="P:Microsoft.Teams.Apps.QBot.Infrastructure.Data.CourseEntity.KnowledgeBaseId">
            <summary>
            Gets or sets knowledge base id for the course.
            </summary>
        </member>
        <member name="P:Microsoft.Teams.Apps.QBot.Infrastructure.Data.CourseEntity.Channels">
            <summary>
            Gets or sets collection of channel entities.
            </summary>
        </member>
        <member name="P:Microsoft.Teams.Apps.QBot.Infrastructure.Data.CourseEntity.Members">
            <summary>
            Gets or sets collection of course member entities.
            </summary>
        </member>
        <member name="P:Microsoft.Teams.Apps.QBot.Infrastructure.Data.CourseEntity.TutorialGroups">
            <summary>
            Gets or sets collection of tutorial groups.
            </summary>
        </member>
        <member name="T:Microsoft.Teams.Apps.QBot.Infrastructure.Data.CourseMemberEntity">
            <summary>
            Course member entity.
            </summary>
        </member>
        <member name="M:Microsoft.Teams.Apps.QBot.Infrastructure.Data.CourseMemberEntity.#ctor">
            <summary>
            Initializes a new instance of the <see cref="T:Microsoft.Teams.Apps.QBot.Infrastructure.Data.CourseMemberEntity"/> class.
            </summary>
        </member>
        <member name="P:Microsoft.Teams.Apps.QBot.Infrastructure.Data.CourseMemberEntity.CourseId">
            <summary>
            Gets or sets the Id of the Course.
            </summary>
        </member>
        <member name="P:Microsoft.Teams.Apps.QBot.Infrastructure.Data.CourseMemberEntity.Course">
            <summary>
            Gets or sets course entity.
            </summary>
        </member>
        <member name="P:Microsoft.Teams.Apps.QBot.Infrastructure.Data.CourseMemberEntity.UserId">
            <summary>
            Gets or sets member's Team Id.
            </summary>
        </member>
        <member name="P:Microsoft.Teams.Apps.QBot.Infrastructure.Data.CourseMemberEntity.User">
            <summary>
            Gets or sets user entity.
            </summary>
        </member>
        <member name="P:Microsoft.Teams.Apps.QBot.Infrastructure.Data.CourseMemberEntity.MemberRole">
            <summary>
            Gets or sets User Role - Student, Educator and Tutor.
            </summary>
        </member>
        <member name="P:Microsoft.Teams.Apps.QBot.Infrastructure.Data.CourseMemberEntity.TutorialGroupsMembership">
            <summary>
            Gets or sets tutorial groups membership collection.
            </summary>
        </member>
        <member name="T:Microsoft.Teams.Apps.QBot.Infrastructure.Data.KnowledgeBaseEntity">
            <summary>
            Knowledge base entity.
            </summary>
        </member>
        <member name="P:Microsoft.Teams.Apps.QBot.Infrastructure.Data.KnowledgeBaseEntity.Id">
            <summary>
            Gets or sets KnowledgeBase's id.
            </summary>
            <remarks>This is an internal Id. This does not map to QnA Maker service knowledge base id.</remarks>
        </member>
        <member name="P:Microsoft.Teams.Apps.QBot.Infrastructure.Data.KnowledgeBaseEntity.Name">
            <summary>
            Gets or sets KnowledgeBase's name.
            </summary>
        </member>
        <member name="P:Microsoft.Teams.Apps.QBot.Infrastructure.Data.KnowledgeBaseEntity.OwnerUserId">
            <summary>
            Gets or sets the user's AAD Id who owns the knowledge base.
            </summary>
        </member>
        <member name="P:Microsoft.Teams.Apps.QBot.Infrastructure.Data.KnowledgeBaseEntity.Courses">
            <summary>
            Gets or sets collection of courses.
            </summary>
        </member>
        <member name="T:Microsoft.Teams.Apps.QBot.Infrastructure.Data.QuestionEntity">
            <summary>
            Question entity.
            </summary>
        </member>
        <member name="P:Microsoft.Teams.Apps.QBot.Infrastructure.Data.QuestionEntity.Id">
            <summary>
            Gets or sets question's Id.
            </summary>
        </member>
        <member name="P:Microsoft.Teams.Apps.QBot.Infrastructure.Data.QuestionEntity.CourseId">
            <summary>
            Gets or sets course's id where the question is posted.
            </summary>
        </member>
        <member name="P:Microsoft.Teams.Apps.QBot.Infrastructure.Data.QuestionEntity.ChannelId">
            <summary>
            Gets or sets channel's id where the question is posted.
            </summary>
        </member>
        <member name="P:Microsoft.Teams.Apps.QBot.Infrastructure.Data.QuestionEntity.MessageId">
            <summary>
            Gets or sets Teams message id corresponding to the question.
            </summary>
        </member>
        <member name="P:Microsoft.Teams.Apps.QBot.Infrastructure.Data.QuestionEntity.AuthorId">
            <summary>
            Gets or sets user's Teams Id who posted the question.
            </summary>
        </member>
        <member name="P:Microsoft.Teams.Apps.QBot.Infrastructure.Data.QuestionEntity.AnswerId">
            <summary>
            Gets or sets <see cref="P:Microsoft.Teams.Apps.QBot.Infrastructure.Data.QuestionEntity.Answer"/>'s Id.
            </summary>
        </member>
        <member name="P:Microsoft.Teams.Apps.QBot.Infrastructure.Data.QuestionEntity.InitialResponseMessageId">
            <summary>
            Gets or sets initial response message id.
            </summary>
        </member>
        <member name="P:Microsoft.Teams.Apps.QBot.Infrastructure.Data.QuestionEntity.TimeStamp">
            <summary>
            Gets or sets timestamp when this question was posted.
            </summary>
        </member>
        <member name="P:Microsoft.Teams.Apps.QBot.Infrastructure.Data.QuestionEntity.Answer">
            <summary>
            Gets or sets answer.
            </summary>
        </member>
        <member name="T:Microsoft.Teams.Apps.QBot.Infrastructure.Data.TutorialGroupEntity">
            <summary>
            TutorialGroup entity.
            </summary>
        </member>
        <member name="M:Microsoft.Teams.Apps.QBot.Infrastructure.Data.TutorialGroupEntity.#ctor">
            <summary>
            Initializes a new instance of the <see cref="T:Microsoft.Teams.Apps.QBot.Infrastructure.Data.TutorialGroupEntity"/> class.
            </summary>
        </member>
        <member name="P:Microsoft.Teams.Apps.QBot.Infrastructure.Data.TutorialGroupEntity.Id">
            <summary>
            Gets or sets the Id of the Tutorial Group.
            </summary>
        </member>
        <member name="P:Microsoft.Teams.Apps.QBot.Infrastructure.Data.TutorialGroupEntity.CourseId">
            <summary>
            Gets or sets the id the course.
            </summary>
        </member>
        <member name="P:Microsoft.Teams.Apps.QBot.Infrastructure.Data.TutorialGroupEntity.DisplayName">
            <summary>
            Gets or sets the human readable display name for the Tutorial Group.
            </summary>
            <remarks>
            This would be something like "Economics 101 - Morning Precept" that would be recognizable to the students
            and external users.
            </remarks>
        </member>
        <member name="P:Microsoft.Teams.Apps.QBot.Infrastructure.Data.TutorialGroupEntity.ShortCode">
            <summary>
            Gets or sets the user defined short code of the tutorial group.
            </summary>
            <remarks>
            This would be something like "ECON101 P01" which is recognizable to the course administrators.
            </remarks>
        </member>
        <member name="P:Microsoft.Teams.Apps.QBot.Infrastructure.Data.TutorialGroupEntity.Members">
            <summary>
            Gets or sets collection of tutorial group members.
            </summary>
        </member>
        <member name="T:Microsoft.Teams.Apps.QBot.Infrastructure.Data.TutorialGroupMemberEntity">
            <summary>
            Tutorial group member entity.
            </summary>
        </member>
        <member name="P:Microsoft.Teams.Apps.QBot.Infrastructure.Data.TutorialGroupMemberEntity.TutorialGroupId">
            <summary>
            Gets or sets the Id of the Tutorial Group.
            </summary>
        </member>
        <member name="P:Microsoft.Teams.Apps.QBot.Infrastructure.Data.TutorialGroupMemberEntity.TutorialGroup">
            <summary>
            Gets or sets tutorial group.
            </summary>
        </member>
        <member name="P:Microsoft.Teams.Apps.QBot.Infrastructure.Data.TutorialGroupMemberEntity.CourseId">
            <summary>
            Gets or sets course id.
            </summary>
        </member>
        <member name="P:Microsoft.Teams.Apps.QBot.Infrastructure.Data.TutorialGroupMemberEntity.UserId">
            <summary>
            Gets or sets user's Team Id.
            </summary>
        </member>
        <member name="P:Microsoft.Teams.Apps.QBot.Infrastructure.Data.TutorialGroupMemberEntity.User">
            <summary>
            Gets or sets user.
            </summary>
        </member>
        <member name="T:Microsoft.Teams.Apps.QBot.Infrastructure.Data.UserEntity">
            <summary>
            User entity.
            </summary>
        </member>
        <member name="M:Microsoft.Teams.Apps.QBot.Infrastructure.Data.UserEntity.#ctor">
            <summary>
            Initializes a new instance of the <see cref="T:Microsoft.Teams.Apps.QBot.Infrastructure.Data.UserEntity"/> class.
            </summary>
        </member>
        <member name="P:Microsoft.Teams.Apps.QBot.Infrastructure.Data.UserEntity.TeamId">
            <summary>
            Gets or sets user's Team Id.
            </summary>
        </member>
        <member name="P:Microsoft.Teams.Apps.QBot.Infrastructure.Data.UserEntity.AadId">
            <summary>
            Gets or sets member's AAD Id.
            </summary>
        </member>
        <member name="P:Microsoft.Teams.Apps.QBot.Infrastructure.Data.UserEntity.Name">
            <summary>
            Gets or sets member's name.
            </summary>
        </member>
        <member name="P:Microsoft.Teams.Apps.QBot.Infrastructure.Data.UserEntity.Upn">
            <summary>
            Gets or sets the user's principal name.
            </summary>
            <remarks>
            This will almost always be set to the user's organizational email address.
            </remarks>
        </member>
        <member name="P:Microsoft.Teams.Apps.QBot.Infrastructure.Data.UserEntity.CourseMembership">
            <summary>
            Gets or sets collection of courses.
            </summary>
        </member>
        <member name="P:Microsoft.Teams.Apps.QBot.Infrastructure.Data.UserEntity.TutorialGroupMembership">
            <summary>
            Gets or sets collection of tutorial groups.
            </summary>
        </member>
        <member name="P:Microsoft.Teams.Apps.QBot.Infrastructure.Data.UserEntity.KnowledgeBases">
            <summary>
            Gets or sets collection of knowledge bases.
            </summary>
        </member>
        <member name="T:Microsoft.Teams.Apps.QBot.Infrastructure.Data.Profiles">
            <summary>
            AutoMapper Profile to map Entitites to Domain Objects and vice-versa.
            </summary>
        </member>
        <member name="M:Microsoft.Teams.Apps.QBot.Infrastructure.Data.Profiles.#ctor">
            <summary>
            Initializes a new instance of the <see cref="T:Microsoft.Teams.Apps.QBot.Infrastructure.Data.Profiles"/> class.
            </summary>
        </member>
        <member name="T:Microsoft.Teams.Apps.QBot.Infrastructure.Data.QBotDbContext">
            <summary>
            QBot DBContext instance with the database.
            </summary>
        </member>
        <member name="M:Microsoft.Teams.Apps.QBot.Infrastructure.Data.QBotDbContext.#ctor(Microsoft.EntityFrameworkCore.DbContextOptions{Microsoft.Teams.Apps.QBot.Infrastructure.Data.QBotDbContext})">
            <summary>
            Initializes a new instance of the <see cref="T:Microsoft.Teams.Apps.QBot.Infrastructure.Data.QBotDbContext"/> class.
            </summary>
            <param name="options">Db Context options.</param>
        </member>
        <member name="P:Microsoft.Teams.Apps.QBot.Infrastructure.Data.QBotDbContext.Courses">
            <summary>
            Gets or sets <see cref="T:Microsoft.Teams.Apps.QBot.Infrastructure.Data.CourseEntity"/> DbSet.
            </summary>
        </member>
        <member name="P:Microsoft.Teams.Apps.QBot.Infrastructure.Data.QBotDbContext.Channels">
            <summary>
            Gets or sets <see cref="T:Microsoft.Teams.Apps.QBot.Infrastructure.Data.ChannelEntity"/> DbSet.
            </summary>
        </member>
        <member name="P:Microsoft.Teams.Apps.QBot.Infrastructure.Data.QBotDbContext.Users">
            <summary>
            Gets or sets <see cref="T:Microsoft.Teams.Apps.QBot.Infrastructure.Data.UserEntity"/> DbSet.
            </summary>
        </member>
        <member name="P:Microsoft.Teams.Apps.QBot.Infrastructure.Data.QBotDbContext.TutorialGroups">
            <summary>
            Gets or sets <see cref="T:Microsoft.Teams.Apps.QBot.Infrastructure.Data.TutorialGroupEntity"/> DbSet.
            </summary>
        </member>
        <member name="P:Microsoft.Teams.Apps.QBot.Infrastructure.Data.QBotDbContext.Questions">
            <summary>
            Gets or sets <see cref="T:Microsoft.Teams.Apps.QBot.Infrastructure.Data.QuestionEntity"/> DbSet.
            </summary>
        </member>
        <member name="P:Microsoft.Teams.Apps.QBot.Infrastructure.Data.QBotDbContext.AppSettings">
            <summary>
            Gets or sets <see cref="T:Microsoft.Teams.Apps.QBot.Infrastructure.Data.AppSettingEntity"/> DbSet.
            </summary>
        </member>
        <member name="P:Microsoft.Teams.Apps.QBot.Infrastructure.Data.QBotDbContext.KnowledgeBases">
            <summary>
            Gets or sets <see cref="T:Microsoft.Teams.Apps.QBot.Infrastructure.Data.KnowledgeBaseEntity"/> DbSet.
            </summary>
        </member>
        <member name="M:Microsoft.Teams.Apps.QBot.Infrastructure.Data.QBotDbContext.OnModelCreating(Microsoft.EntityFrameworkCore.ModelBuilder)">
            <inheritdoc/>
        </member>
        <member name="T:Microsoft.Teams.Apps.QBot.Infrastructure.Data.Repositories.AppSettingsRepository">
            <summary>
            App settings repository implementaiton.
            </summary>
        </member>
        <member name="M:Microsoft.Teams.Apps.QBot.Infrastructure.Data.Repositories.AppSettingsRepository.#ctor(Microsoft.Teams.Apps.QBot.Infrastructure.Data.QBotDbContext,Microsoft.Extensions.Logging.ILogger{Microsoft.Teams.Apps.QBot.Infrastructure.Data.Repositories.AppSettingsRepository})">
            <summary>
            Initializes a new instance of the <see cref="T:Microsoft.Teams.Apps.QBot.Infrastructure.Data.Repositories.AppSettingsRepository"/> class.
            </summary>
            <param name="dbContext">Db Conext.</param>
            <param name="logger">Logger.</param>
        </member>
        <member name="M:Microsoft.Teams.Apps.QBot.Infrastructure.Data.Repositories.AppSettingsRepository.AddOrUpdateServiceUrlAsync(System.String)">
            <inheritdoc/>
        </member>
        <member name="M:Microsoft.Teams.Apps.QBot.Infrastructure.Data.Repositories.AppSettingsRepository.GetServiceUrlAsync">
            <inheritdoc/>
        </member>
        <member name="T:Microsoft.Teams.Apps.QBot.Infrastructure.Data.Repositories.IAppSettingsRepository">
            <summary>
            App settings repository interface.
            </summary>
        </member>
        <member name="M:Microsoft.Teams.Apps.QBot.Infrastructure.Data.Repositories.IAppSettingsRepository.GetServiceUrlAsync">
            <summary>
            Gets service url.
            </summary>
            <returns>Service url.</returns>
        </member>
        <member name="M:Microsoft.Teams.Apps.QBot.Infrastructure.Data.Repositories.IAppSettingsRepository.AddOrUpdateServiceUrlAsync(System.String)">
            <summary>
            Adds or updates service url.
            </summary>
            <param name="serviceUrl">Service url.</param>
            <returns>Async task.</returns>
        </member>
        <member name="T:Microsoft.Teams.Apps.QBot.Infrastructure.Data.Repositories.QuestionRepository">
            <summary>
            Question Repository Impl.
            </summary>
        </member>
        <member name="M:Microsoft.Teams.Apps.QBot.Infrastructure.Data.Repositories.QuestionRepository.#ctor(Microsoft.Teams.Apps.QBot.Infrastructure.Data.QBotDbContext,AutoMapper.IMapper,Microsoft.Extensions.Logging.ILogger{Microsoft.Teams.Apps.QBot.Infrastructure.Data.Repositories.QuestionRepository})">
            <summary>
            Initializes a new instance of the <see cref="T:Microsoft.Teams.Apps.QBot.Infrastructure.Data.Repositories.QuestionRepository"/> class.
            </summary>
            <param name="dbContext">Db Conext.</param>
            <param name="mapper">Auto-Mapper.</param>
            <param name="logger">Logger.</param>
        </member>
        <member name="M:Microsoft.Teams.Apps.QBot.Infrastructure.Data.Repositories.QuestionRepository.AddAnswerAsync(Microsoft.Teams.Apps.QBot.Domain.Models.Answer)">
            <inheritdoc/>
        </member>
        <member name="M:Microsoft.Teams.Apps.QBot.Infrastructure.Data.Repositories.QuestionRepository.AddQuestionAsync(Microsoft.Teams.Apps.QBot.Domain.Models.Question)">
            <inheritdoc/>
        </member>
        <member name="M:Microsoft.Teams.Apps.QBot.Infrastructure.Data.Repositories.QuestionRepository.DeleteQuestionAsync(System.String)">
            <inheritdoc/>
        </member>
        <member name="M:Microsoft.Teams.Apps.QBot.Infrastructure.Data.Repositories.QuestionRepository.GetAllQuestionsAsync(System.String)">
            <inheritdoc/>
        </member>
        <member name="M:Microsoft.Teams.Apps.QBot.Infrastructure.Data.Repositories.QuestionRepository.GetAllQuestionsAsync(System.String,System.String)">
            <inheritdoc/>
        </member>
        <member name="M:Microsoft.Teams.Apps.QBot.Infrastructure.Data.Repositories.QuestionRepository.GetQuestionAsync(System.String)">
            <inheritdoc/>
        </member>
        <member name="M:Microsoft.Teams.Apps.QBot.Infrastructure.Data.Repositories.QuestionRepository.UpdateQuestionAsync(Microsoft.Teams.Apps.QBot.Domain.Models.Question)">
            <inheritdoc/>
        </member>
        <member name="T:Microsoft.Teams.Apps.QBot.Infrastructure.Data.Repositories.TutorialGroupRepository">
            <summary>
            TutorialGroup Repository Impl.
            </summary>
        </member>
        <member name="M:Microsoft.Teams.Apps.QBot.Infrastructure.Data.Repositories.TutorialGroupRepository.#ctor(Microsoft.Teams.Apps.QBot.Infrastructure.Data.QBotDbContext,AutoMapper.IMapper,Microsoft.Extensions.Logging.ILogger{Microsoft.Teams.Apps.QBot.Infrastructure.Data.Repositories.TutorialGroupRepository})">
            <summary>
            Initializes a new instance of the <see cref="T:Microsoft.Teams.Apps.QBot.Infrastructure.Data.Repositories.TutorialGroupRepository"/> class.
            </summary>
            <param name="dbContext">Db Conext.</param>
            <param name="mapper">Auto-Mapper.</param>
            <param name="logger">Logger.</param>
        </member>
        <member name="M:Microsoft.Teams.Apps.QBot.Infrastructure.Data.Repositories.TutorialGroupRepository.AddTutorialGroupAsync(Microsoft.Teams.Apps.QBot.Domain.Models.TutorialGroup)">
            <inheritdoc/>
        </member>
        <member name="M:Microsoft.Teams.Apps.QBot.Infrastructure.Data.Repositories.TutorialGroupRepository.AddTutorialGroupsAsync(System.Collections.Generic.IEnumerable{Microsoft.Teams.Apps.QBot.Domain.Models.TutorialGroup})">
            <inheritdoc/>
        </member>
        <member name="M:Microsoft.Teams.Apps.QBot.Infrastructure.Data.Repositories.TutorialGroupRepository.DeleteTutorialGroupAsync(System.String)">
            <inheritdoc/>
        </member>
        <member name="M:Microsoft.Teams.Apps.QBot.Infrastructure.Data.Repositories.TutorialGroupRepository.GetAllTutorialGroupsAsync(System.String)">
            <inheritdoc/>
        </member>
        <member name="M:Microsoft.Teams.Apps.QBot.Infrastructure.Data.Repositories.TutorialGroupRepository.GetTutorialGroupAsync(System.String)">
            <inheritdoc/>
        </member>
        <member name="M:Microsoft.Teams.Apps.QBot.Infrastructure.Data.Repositories.TutorialGroupRepository.UpdateTutorialGroupAsync(Microsoft.Teams.Apps.QBot.Domain.Models.TutorialGroup)">
            <inheritdoc/>
        </member>
        <member name="T:Microsoft.Teams.Apps.QBot.Infrastructure.Data.Repositories.UserRepository">
            <summary>
            User repository implementation.
            </summary>
        </member>
        <member name="M:Microsoft.Teams.Apps.QBot.Infrastructure.Data.Repositories.UserRepository.#ctor(Microsoft.Teams.Apps.QBot.Infrastructure.Data.QBotDbContext,AutoMapper.IMapper,Microsoft.Extensions.Logging.ILogger{Microsoft.Teams.Apps.QBot.Infrastructure.Data.Repositories.UserRepository})">
            <summary>
            Initializes a new instance of the <see cref="T:Microsoft.Teams.Apps.QBot.Infrastructure.Data.Repositories.UserRepository"/> class.
            </summary>
            <param name="dbContext">Db context.</param>
            <param name="mapper">Auto mapper.</param>
            <param name="logger">Logger.</param>
        </member>
        <member name="M:Microsoft.Teams.Apps.QBot.Infrastructure.Data.Repositories.UserRepository.AddOrUpdateUserAsync(Microsoft.Teams.Apps.QBot.Domain.Models.User)">
            <inheritdoc/>
        </member>
        <member name="M:Microsoft.Teams.Apps.QBot.Infrastructure.Data.Repositories.UserRepository.DeleteUserAsync(System.String)">
            <inheritdoc/>
        </member>
        <member name="M:Microsoft.Teams.Apps.QBot.Infrastructure.Data.Repositories.UserRepository.GetUserAsync(System.String)">
            <inheritdoc/>
        </member>
        <member name="M:Microsoft.Teams.Apps.QBot.Infrastructure.Data.Repositories.UserRepository.GetUsersAsync(System.Collections.Generic.IEnumerable{System.String})">
            <inheritdoc/>
        </member>
        <member name="M:Microsoft.Teams.Apps.QBot.Infrastructure.Data.Repositories.UserRepository.GetUsersWithNoCourseAsync">
            <inheritdoc/>
        </member>
        <member name="M:Microsoft.Teams.Apps.QBot.Infrastructure.Data.Repositories.UserRepository.UpdateUserAsync(Microsoft.Teams.Apps.QBot.Domain.Models.User)">
            <inheritdoc/>
        </member>
        <member name="T:Microsoft.Teams.Apps.QBot.Infrastructure.Data.ChannelRepository">
            <summary>
            Channel Repository Impl.
            </summary>
        </member>
        <member name="M:Microsoft.Teams.Apps.QBot.Infrastructure.Data.ChannelRepository.#ctor(Microsoft.Teams.Apps.QBot.Infrastructure.Data.QBotDbContext,AutoMapper.IMapper,Microsoft.Extensions.Logging.ILogger{Microsoft.Teams.Apps.QBot.Infrastructure.Data.ChannelRepository})">
            <summary>
            Initializes a new instance of the <see cref="T:Microsoft.Teams.Apps.QBot.Infrastructure.Data.ChannelRepository"/> class.
            </summary>
            <param name="dbContext">Db Conext.</param>
            <param name="mapper">Auto-Mapper.</param>
            <param name="logger">Logger.</param>
        </member>
        <member name="M:Microsoft.Teams.Apps.QBot.Infrastructure.Data.ChannelRepository.AddChannelAsync(Microsoft.Teams.Apps.QBot.Domain.Models.Channel)">
            <inheritdoc/>
        </member>
        <member name="M:Microsoft.Teams.Apps.QBot.Infrastructure.Data.ChannelRepository.AddChannelsAsync(System.Collections.Generic.IEnumerable{Microsoft.Teams.Apps.QBot.Domain.Models.Channel})">
            <inheritdoc/>
        </member>
        <member name="M:Microsoft.Teams.Apps.QBot.Infrastructure.Data.ChannelRepository.DeleteChannelAsync(System.String)">
            <inheritdoc/>
        </member>
        <member name="M:Microsoft.Teams.Apps.QBot.Infrastructure.Data.ChannelRepository.GetAllChannelsAsync(System.String)">
            <inheritdoc/>
        </member>
        <member name="M:Microsoft.Teams.Apps.QBot.Infrastructure.Data.ChannelRepository.GetChannelAsync(System.String)">
            <inheritdoc/>
        </member>
        <member name="M:Microsoft.Teams.Apps.QBot.Infrastructure.Data.ChannelRepository.UpdateChannelAsync(Microsoft.Teams.Apps.QBot.Domain.Models.Channel)">
            <inheritdoc/>
        </member>
        <member name="T:Microsoft.Teams.Apps.QBot.Infrastructure.Data.CourseRepository">
            <summary>
            Course Repository.
            </summary>
        </member>
        <member name="M:Microsoft.Teams.Apps.QBot.Infrastructure.Data.CourseRepository.#ctor(Microsoft.Teams.Apps.QBot.Infrastructure.Data.QBotDbContext,AutoMapper.IMapper,Microsoft.Extensions.Logging.ILogger{Microsoft.Teams.Apps.QBot.Infrastructure.Data.CourseRepository})">
            <summary>
            Initializes a new instance of the <see cref="T:Microsoft.Teams.Apps.QBot.Infrastructure.Data.CourseRepository"/> class.
            </summary>
            <param name="dbContext">Db Conext.</param>
            <param name="mapper">Auto-Mapper.</param>
            <param name="logger">Logger.</param>
        </member>
        <member name="M:Microsoft.Teams.Apps.QBot.Infrastructure.Data.CourseRepository.AddCourseAsync(Microsoft.Teams.Apps.QBot.Domain.Models.Course)">
            <inheritdoc/>
        </member>
        <member name="M:Microsoft.Teams.Apps.QBot.Infrastructure.Data.CourseRepository.DeleteCourseAsync(System.String)">
            <inheritdoc/>
        </member>
        <member name="M:Microsoft.Teams.Apps.QBot.Infrastructure.Data.CourseRepository.GetAllCoursesAsync">
            <inheritdoc/>
        </member>
        <member name="M:Microsoft.Teams.Apps.QBot.Infrastructure.Data.CourseRepository.GetAllCoursesForUserAsync(System.String)">
            <inheritdoc/>
        </member>
        <member name="M:Microsoft.Teams.Apps.QBot.Infrastructure.Data.CourseRepository.GetCourseAsync(System.String)">
            <inheritdoc/>
        </member>
        <member name="M:Microsoft.Teams.Apps.QBot.Infrastructure.Data.CourseRepository.UpdateCourseAsync(Microsoft.Teams.Apps.QBot.Domain.Models.Course)">
            <inheritdoc/>
        </member>
        <member name="T:Microsoft.Teams.Apps.QBot.Infrastructure.Data.KnowledgeBaseRepository">
            <summary>
            KnowledgeBase Repository.
            </summary>
        </member>
        <member name="M:Microsoft.Teams.Apps.QBot.Infrastructure.Data.KnowledgeBaseRepository.#ctor(Microsoft.Teams.Apps.QBot.Infrastructure.Data.QBotDbContext,AutoMapper.IMapper,Microsoft.Extensions.Logging.ILogger{Microsoft.Teams.Apps.QBot.Infrastructure.Data.KnowledgeBaseRepository})">
            <summary>
            Initializes a new instance of the <see cref="T:Microsoft.Teams.Apps.QBot.Infrastructure.Data.KnowledgeBaseRepository"/> class.
            </summary>
            <param name="dbContext">Db Conext.</param>
            <param name="mapper">Auto-Mapper.</param>
            <param name="logger">Logger.</param>
        </member>
        <member name="M:Microsoft.Teams.Apps.QBot.Infrastructure.Data.KnowledgeBaseRepository.AddKnowledgeBaseAsync(Microsoft.Teams.Apps.QBot.Domain.Models.KnowledgeBase)">
            <inheritdoc/>
        </member>
        <member name="M:Microsoft.Teams.Apps.QBot.Infrastructure.Data.KnowledgeBaseRepository.DeleteKnowledgeBaseAsync(System.String)">
            <inheritdoc/>
        </member>
        <member name="M:Microsoft.Teams.Apps.QBot.Infrastructure.Data.KnowledgeBaseRepository.GetAllKnowledgeBasesAsync">
            <inheritdoc/>
        </member>
        <member name="M:Microsoft.Teams.Apps.QBot.Infrastructure.Data.KnowledgeBaseRepository.GetAllKnowledgeBasesForUserAsync(System.String)">
            <inheritdoc/>
        </member>
        <member name="M:Microsoft.Teams.Apps.QBot.Infrastructure.Data.KnowledgeBaseRepository.GetKnowledgeBaseAsync(System.String)">
            <inheritdoc/>
        </member>
        <member name="M:Microsoft.Teams.Apps.QBot.Infrastructure.Data.KnowledgeBaseRepository.UpdateKnowledgeBaseAsync(Microsoft.Teams.Apps.QBot.Domain.Models.KnowledgeBase)">
            <inheritdoc/>
        </member>
        <member name="T:Microsoft.Teams.Apps.QBot.Infrastructure.Data.MemberRepository">
            <summary>
            Member Repository implementation.
            </summary>
        </member>
        <member name="M:Microsoft.Teams.Apps.QBot.Infrastructure.Data.MemberRepository.#ctor(Microsoft.Teams.Apps.QBot.Infrastructure.Data.QBotDbContext,AutoMapper.IMapper,Microsoft.Extensions.Logging.ILogger{Microsoft.Teams.Apps.QBot.Infrastructure.Data.MemberRepository})">
            <summary>
            Initializes a new instance of the <see cref="T:Microsoft.Teams.Apps.QBot.Infrastructure.Data.MemberRepository"/> class.
            </summary>
            <param name="dbContext">Db Conext.</param>
            <param name="mapper">Auto-Mapper.</param>
            <param name="logger">Logger.</param>
        </member>
        <member name="M:Microsoft.Teams.Apps.QBot.Infrastructure.Data.MemberRepository.AddCourseMembersAsync(System.String,System.Collections.Generic.IEnumerable{Microsoft.Teams.Apps.QBot.Domain.Models.Member})">
            <inheritdoc/>
        </member>
        <member name="M:Microsoft.Teams.Apps.QBot.Infrastructure.Data.MemberRepository.GetCourseMemberAsync(System.String,System.String)">
            <inheritdoc/>
        </member>
        <member name="M:Microsoft.Teams.Apps.QBot.Infrastructure.Data.MemberRepository.GetCourseMembersAsync(System.String)">
            <inheritdoc/>
        </member>
        <member name="M:Microsoft.Teams.Apps.QBot.Infrastructure.Data.MemberRepository.GetCourseMembersAsync(System.String,System.Collections.Generic.IList{Microsoft.Teams.Apps.QBot.Domain.Models.MemberRole})">
            <inheritdoc/>
        </member>
        <member name="M:Microsoft.Teams.Apps.QBot.Infrastructure.Data.MemberRepository.GetTutorialGroupMembersAsync(System.String)">
            <inheritdoc/>
        </member>
        <member name="M:Microsoft.Teams.Apps.QBot.Infrastructure.Data.MemberRepository.RemoveCourseMembersAsync(System.String,System.Collections.Generic.IEnumerable{System.String})">
            <inheritdoc/>
        </member>
        <member name="M:Microsoft.Teams.Apps.QBot.Infrastructure.Data.MemberRepository.RemoveTutorialGroupMemberAsync(System.String,System.Collections.Generic.IEnumerable{System.String})">
            <inheritdoc/>
        </member>
        <member name="M:Microsoft.Teams.Apps.QBot.Infrastructure.Data.MemberRepository.UpdateCourseMemberAsync(System.String,Microsoft.Teams.Apps.QBot.Domain.Models.Member)">
            <inheritdoc/>
        </member>
        <member name="T:Microsoft.Teams.Apps.QBot.Infrastructure.QBotDbContextFactory">
            <summary>
            Data extensions.
            </summary>
        </member>
        <member name="M:Microsoft.Teams.Apps.QBot.Infrastructure.QBotDbContextFactory.CreateDbContext(System.String[])">
            <inheritdoc />
        </member>
        <member name="T:Microsoft.Teams.Apps.QBot.Infrastructure.QnAService.IQnAServiceSettings">
            <summary>
            QnAService settings contract.
            </summary>
        </member>
        <member name="P:Microsoft.Teams.Apps.QBot.Infrastructure.QnAService.IQnAServiceSettings.KnowledgeBaseId">
            <summary>
            Gets knowledge base id.
            </summary>
        </member>
        <member name="P:Microsoft.Teams.Apps.QBot.Infrastructure.QnAService.IQnAServiceSettings.ScoreThreshold">
            <summary>
            Gets score threshold.
            </summary>
        </member>
        <member name="T:Microsoft.Teams.Apps.QBot.Infrastructure.QnAService.QnAExtensions">
            <summary>
            Question Answer models extensions.
            </summary>
        </member>
        <member name="M:Microsoft.Teams.Apps.QBot.Infrastructure.QnAService.QnAExtensions.GetSanitizedMessage(Microsoft.Teams.Apps.QBot.Domain.Models.Answer)">
            <summary>
            Removes html and user tags from the message.
            </summary>
            <param name="answer">Answer object.</param>
            <returns>Sanitized message.</returns>
        </member>
        <member name="M:Microsoft.Teams.Apps.QBot.Infrastructure.QnAService.QnAExtensions.GetSanitizedMessage(Microsoft.Teams.Apps.QBot.Domain.Models.Question)">
            <summary>
            Removes html and user tags from the message.
            </summary>
            <param name="question">Question object.</param>
            <returns>Sanitized message.</returns>
        </member>
        <member name="M:Microsoft.Teams.Apps.QBot.Infrastructure.QnAService.QnAExtensions.SanitizeMessage(System.String)">
            <summary>
            Removes html and user tags from the message.
            </summary>
            <param name="message">Message.</param>
            <returns>Sanitized  message.</returns>
        </member>
        <member name="T:Microsoft.Teams.Apps.QBot.Infrastructure.QnAService.QnAService">
            <summary>
            QnA Service implementation.
            </summary>
        </member>
        <member name="M:Microsoft.Teams.Apps.QBot.Infrastructure.QnAService.QnAService.#ctor(Microsoft.Azure.CognitiveServices.Knowledge.QnAMaker.IQnAMakerClient,Microsoft.Azure.CognitiveServices.Knowledge.QnAMaker.IQnAMakerRuntimeClient,Microsoft.Teams.Apps.QBot.Infrastructure.QnAService.IQnAServiceSettings,Microsoft.Extensions.Logging.ILogger{Microsoft.Teams.Apps.QBot.Infrastructure.QnAService.QnAService})">
            <summary>
            Initializes a new instance of the <see cref="T:Microsoft.Teams.Apps.QBot.Infrastructure.QnAService.QnAService"/> class.
            </summary>
            <param name="qnAClient">QnA Maker client.</param>
            <param name="qnARuntimeClient">QnA Maker runtime client.</param>
            <param name="settings">QnA Service settings.</param>
            <param name="logger">Logger.</param>
        </member>
        <member name="M:Microsoft.Teams.Apps.QBot.Infrastructure.QnAService.QnAService.GetAnswerAsync(Microsoft.Teams.Apps.QBot.Domain.Models.Question,System.String)">
            <inheritdoc/>
        </member>
        <member name="M:Microsoft.Teams.Apps.QBot.Infrastructure.QnAService.QnAService.PostQnAPairAsync(Microsoft.Teams.Apps.QBot.Domain.Models.Question,Microsoft.Teams.Apps.QBot.Domain.Models.Answer,System.String)">
            <inheritdoc/>
        </member>
        <member name="M:Microsoft.Teams.Apps.QBot.Infrastructure.QnAService.QnAService.PublishKbAsync">
            <inheritdoc/>
        </member>
        <member name="M:Microsoft.Teams.Apps.QBot.Infrastructure.QnAService.QnAService.UpdateQnAPairAsync(Microsoft.Teams.Apps.QBot.Domain.Models.Question,Microsoft.Teams.Apps.QBot.Domain.Models.SuggestedAnswer)">
            <inheritdoc/>
        </member>
        <member name="T:Microsoft.Teams.Apps.QBot.Infrastructure.QnAService.QnAServiceExtensions">
            <summary>
            QnA Service extensions.
            </summary>
        </member>
        <member name="M:Microsoft.Teams.Apps.QBot.Infrastructure.QnAService.QnAServiceExtensions.AddQnAService(Microsoft.Extensions.DependencyInjection.IServiceCollection,Microsoft.Extensions.Configuration.IConfiguration)">
             <summary>
             Service Collection extension.
            
             Injects concrete implementation of QnAService.
             </summary>
             <param name="services">Service collection.</param>
             <param name="configuration">Configuration.</param>
             <returns>Service Collection.</returns>
        </member>
        <member name="T:Microsoft.Teams.Apps.QBot.Infrastructure.QnAService.QnAServiceSettings">
            <summary>
            QnA Service settings.
            </summary>
        </member>
        <member name="P:Microsoft.Teams.Apps.QBot.Infrastructure.QnAService.QnAServiceSettings.KnowledgeBaseId">
            <summary>
            Gets or sets knowledge base id.
            </summary>
        </member>
        <member name="P:Microsoft.Teams.Apps.QBot.Infrastructure.QnAService.QnAServiceSettings.ScoreThreshold">
            <summary>
            Gets or sets score threshold.
            </summary>
        </member>
        <member name="T:Microsoft.Teams.Apps.QBot.Infrastructure.Resources.ResourcesExtensions">
            <summary>
            Resources extensions.
            </summary>
        </member>
        <member name="M:Microsoft.Teams.Apps.QBot.Infrastructure.Resources.ResourcesExtensions.AddResources(Microsoft.Extensions.DependencyInjection.IServiceCollection,Microsoft.Extensions.Configuration.IConfiguration)">
             <summary>
             Service Collection extension.
            
             Add Localization.
             </summary>
             <param name="services">Servie collection.</param>
             <param name="configuration">Configuration.</param>
             <returns>Service collection.</returns>
        </member>
        <member name="T:Microsoft.Teams.Apps.QBot.Infrastructure.Strings">
            <summary>
              A strongly-typed resource class, for looking up localized strings, etc.
            </summary>
        </member>
        <member name="P:Microsoft.Teams.Apps.QBot.Infrastructure.Strings.ResourceManager">
            <summary>
              Returns the cached ResourceManager instance used by this class.
            </summary>
        </member>
        <member name="P:Microsoft.Teams.Apps.QBot.Infrastructure.Strings.Culture">
            <summary>
              Overrides the current thread's CurrentUICulture property for all
              resource lookups using this strongly typed resource class.
            </summary>
        </member>
        <member name="P:Microsoft.Teams.Apps.QBot.Infrastructure.Strings.answeredBy">
            <summary>
              Looks up a localized string similar to Answered by.
            </summary>
        </member>
        <member name="P:Microsoft.Teams.Apps.QBot.Infrastructure.Strings.answeredBySummary">
            <summary>
              Looks up a localized string similar to Marked as answered by {0}..
            </summary>
        </member>
        <member name="P:Microsoft.Teams.Apps.QBot.Infrastructure.Strings.commandContextNotSupportedErrorMessage">
            <summary>
              Looks up a localized string similar to The application commands are supported in Teams channel only..
            </summary>
        </member>
        <member name="P:Microsoft.Teams.Apps.QBot.Infrastructure.Strings.commandContextNotSupportedErrorTitle">
            <summary>
              Looks up a localized string similar to Error.
            </summary>
        </member>
        <member name="P:Microsoft.Teams.Apps.QBot.Infrastructure.Strings.commandNotSupportedErrorMessage">
            <summary>
              Looks up a localized string similar to The application doesn&apos;t support this command..
            </summary>
        </member>
        <member name="P:Microsoft.Teams.Apps.QBot.Infrastructure.Strings.commandNotSupportedErrorTitle">
            <summary>
              Looks up a localized string similar to Command not supported.
            </summary>
        </member>
        <member name="P:Microsoft.Teams.Apps.QBot.Infrastructure.Strings.confidence">
            <summary>
              Looks up a localized string similar to {0}% confidence. Is this answer helpful?.
            </summary>
        </member>
        <member name="P:Microsoft.Teams.Apps.QBot.Infrastructure.Strings.courseNotFoundErrorMessage">
            <summary>
              Looks up a localized string similar to Please install QBot to this team to get started..
            </summary>
        </member>
        <member name="P:Microsoft.Teams.Apps.QBot.Infrastructure.Strings.courseNotFoundErrorTitle">
            <summary>
              Looks up a localized string similar to Course not found .
            </summary>
        </member>
        <member name="P:Microsoft.Teams.Apps.QBot.Infrastructure.Strings.createNewThreadGIFUrl">
            <summary>
              Looks up a localized string similar to {0}/images/create-new-thread.gif.
            </summary>
        </member>
        <member name="P:Microsoft.Teams.Apps.QBot.Infrastructure.Strings.createNewThreadMessage">
            <summary>
              Looks up a localized string similar to The application doesn&apos;t support answering questions in an existing message thread. Start a new conversation and tag the application when you post a new question..
            </summary>
        </member>
        <member name="P:Microsoft.Teams.Apps.QBot.Infrastructure.Strings.forbiddenToSelectAnswerErrorMessage">
            <summary>
              Looks up a localized string similar to You are not authorized to select an answer. Question author and educators may select an answer..
            </summary>
        </member>
        <member name="P:Microsoft.Teams.Apps.QBot.Infrastructure.Strings.forbiddenToSelectAnswerErrorTitle">
            <summary>
              Looks up a localized string similar to Not authorized.
            </summary>
        </member>
        <member name="P:Microsoft.Teams.Apps.QBot.Infrastructure.Strings.generalChannelName">
            <summary>
              Looks up a localized string similar to General.
            </summary>
        </member>
        <member name="P:Microsoft.Teams.Apps.QBot.Infrastructure.Strings.goToAnswerButtonTitle">
            <summary>
              Looks up a localized string similar to Go to answer.
            </summary>
        </member>
        <member name="P:Microsoft.Teams.Apps.QBot.Infrastructure.Strings.helpful">
            <summary>
              Looks up a localized string similar to Helpful.
            </summary>
        </member>
        <member name="P:Microsoft.Teams.Apps.QBot.Infrastructure.Strings.helpfulAcceptedBy">
            <summary>
              Looks up a localized string similar to {0} marked this as helpful..
            </summary>
        </member>
        <member name="P:Microsoft.Teams.Apps.QBot.Infrastructure.Strings.notHelpful">
            <summary>
              Looks up a localized string similar to Not helpful.
            </summary>
        </member>
        <member name="P:Microsoft.Teams.Apps.QBot.Infrastructure.Strings.nothelpfulAcceptedBy">
            <summary>
              Looks up a localized string similar to {0} marked this as not helpful..
            </summary>
        </member>
        <member name="P:Microsoft.Teams.Apps.QBot.Infrastructure.Strings.questionIsAnsweredMessage">
            <summary>
              Looks up a localized string similar to Question is marked as answered..
            </summary>
        </member>
        <member name="P:Microsoft.Teams.Apps.QBot.Infrastructure.Strings.questionMarkedAsAnsweredErrorMessage">
            <summary>
              Looks up a localized string similar to Question is marked as answered..
            </summary>
        </member>
        <member name="P:Microsoft.Teams.Apps.QBot.Infrastructure.Strings.questionMarkedAsAnsweredErrorTitle">
            <summary>
              Looks up a localized string similar to Cannot post answer.
            </summary>
        </member>
        <member name="P:Microsoft.Teams.Apps.QBot.Infrastructure.Strings.questionNotFoundErrorMessage">
            <summary>
              Looks up a localized string similar to Question not found. Please make sure you tag the bot while posting a question..
            </summary>
        </member>
        <member name="P:Microsoft.Teams.Apps.QBot.Infrastructure.Strings.questionNotFoundErrorTitle">
            <summary>
              Looks up a localized string similar to Question not found.
            </summary>
        </member>
        <member name="P:Microsoft.Teams.Apps.QBot.Infrastructure.Strings.selectAnswer">
            <summary>
              Looks up a localized string similar to Select answer.
            </summary>
        </member>
        <member name="P:Microsoft.Teams.Apps.QBot.Infrastructure.Strings.selectAnswerDialogTitle">
            <summary>
              Looks up a localized string similar to Select answer.
            </summary>
        </member>
        <member name="P:Microsoft.Teams.Apps.QBot.Infrastructure.Strings.setupCoursePreviewText">
            <summary>
              Looks up a localized string similar to Configure knowledge base, tutorial groups and user roles.
            </summary>
        </member>
        <member name="P:Microsoft.Teams.Apps.QBot.Infrastructure.Strings.tagEducators">
            <summary>
              Looks up a localized string similar to Tagging educator(s) to help - {0}.
            </summary>
        </member>
        <member name="P:Microsoft.Teams.Apps.QBot.Infrastructure.Strings.unknownErrorMessage">
            <summary>
              Looks up a localized string similar to Something went wrong. Please try again..
            </summary>
        </member>
        <member name="P:Microsoft.Teams.Apps.QBot.Infrastructure.Strings.unknownErrorTitle">
            <summary>
              Looks up a localized string similar to Error.
            </summary>
        </member>
        <member name="T:Microsoft.Teams.Apps.QBot.Infrastructure.Secrets.ISecretsProvider">
            <summary>
            Secrets provider interface.
            </summary>
        </member>
        <member name="M:Microsoft.Teams.Apps.QBot.Infrastructure.Secrets.ISecretsProvider.GetBotAppCredentialsAsync">
            <summary>
            Gets bot app credentials.
            </summary>
            <returns>Bot app credentials.</returns>
        </member>
        <member name="T:Microsoft.Teams.Apps.QBot.Infrastructure.Secrets.SecretsExtensions">
            <summary>
            Secrets provider extensions.
            </summary>
        </member>
        <member name="M:Microsoft.Teams.Apps.QBot.Infrastructure.Secrets.SecretsExtensions.AddSecretsProvider(Microsoft.Extensions.DependencyInjection.IServiceCollection,Microsoft.Extensions.Configuration.IConfiguration)">
             <summary>
             Service Collection extension.
            
             Injects secrets provider.
             </summary>
             <param name="services">Servie collection.</param>
             <param name="configuration">Configuration.</param>
             <returns>Service collection.</returns>
        </member>
        <member name="T:Microsoft.Teams.Apps.QBot.Infrastructure.Secrets.SecretsProvider">
            <summary>
            Secrets provider implementation.
            </summary>
        </member>
        <member name="M:Microsoft.Teams.Apps.QBot.Infrastructure.Secrets.SecretsProvider.#ctor(Microsoft.Teams.Apps.QBot.Infrastructure.TeamsService.IAppSettings,Azure.Security.KeyVault.Certificates.CertificateClient,Microsoft.Extensions.Logging.ILogger{Microsoft.Teams.Apps.QBot.Infrastructure.Secrets.SecretsProvider})">
            <summary>
            Initializes a new instance of the <see cref="T:Microsoft.Teams.Apps.QBot.Infrastructure.Secrets.SecretsProvider"/> class.
            </summary>
            <param name="appSettings">App settings.</param>
            <param name="certificateClient">Certificate client.</param>
            <param name="logger">Logger.</param>
        </member>
        <member name="M:Microsoft.Teams.Apps.QBot.Infrastructure.Secrets.SecretsProvider.GetBotAppCredentialsAsync">
            <inheritdoc/>
        </member>
        <member name="T:Microsoft.Teams.Apps.QBot.Infrastructure.TeamsService.DeepLinkCreator">
            <summary>
            Creates deeplinks to teams entities.
            </summary>
        </member>
        <member name="M:Microsoft.Teams.Apps.QBot.Infrastructure.TeamsService.DeepLinkCreator.GetPersonalTabDeepLink(System.String,System.String)">
            <inheritdoc/>
        </member>
        <member name="M:Microsoft.Teams.Apps.QBot.Infrastructure.TeamsService.DeepLinkCreator.GetTeamsMessageDeepLink(System.String,System.String,System.String,System.String)">
            <inheritdoc/>
        </member>
        <member name="M:Microsoft.Teams.Apps.QBot.Infrastructure.TeamsService.DeepLinkCreator.GetPersonalTabConfigureCourseDeepLink(System.String,System.String,System.String)">
            <inheritdoc />
        </member>
        <member name="T:Microsoft.Teams.Apps.QBot.Infrastructure.TeamsService.IAppSettings">
            <summary>
            App settings contract.
            </summary>
        </member>
        <member name="P:Microsoft.Teams.Apps.QBot.Infrastructure.TeamsService.IAppSettings.GraphAppId">
            <summary>
            Gets Graph app Id.
            </summary>
        </member>
        <member name="P:Microsoft.Teams.Apps.QBot.Infrastructure.TeamsService.IAppSettings.BaseUrl">
            <summary>
            Gets App base url.
            </summary>
        </member>
        <member name="P:Microsoft.Teams.Apps.QBot.Infrastructure.TeamsService.IAppSettings.TenantId">
            <summary>
            Gets tenant Id.
            </summary>
        </member>
        <member name="P:Microsoft.Teams.Apps.QBot.Infrastructure.TeamsService.IAppSettings.BotName">
            <summary>
            Gets bot name.
            </summary>
        </member>
        <member name="P:Microsoft.Teams.Apps.QBot.Infrastructure.TeamsService.IAppSettings.BotAppId">
            <summary>
            Gets bot app id.
            </summary>
        </member>
        <member name="P:Microsoft.Teams.Apps.QBot.Infrastructure.TeamsService.IAppSettings.BotCertificateName">
            <summary>
            Gets bot app certificate name in keyvault.
            </summary>
        </member>
        <member name="P:Microsoft.Teams.Apps.QBot.Infrastructure.TeamsService.IAppSettings.ManifestAppId">
            <summary>
            Gets app id in manifest.
            </summary>
        </member>
        <member name="T:Microsoft.Teams.Apps.QBot.Infrastructure.TeamsService.IDeepLinkCreator">
            <summary>
            Creates deep links to entities in Teams.
            </summary>
        </member>
        <member name="M:Microsoft.Teams.Apps.QBot.Infrastructure.TeamsService.IDeepLinkCreator.GetTeamsMessageDeepLink(System.String,System.String,System.String,System.String)">
            <summary>
            Creates a deeplink to a message in a Teams channel.
            </summary>
            <param name="teamId">Teams id.</param>
            <param name="channelId">Channel's id.</param>
            <param name="parentMessageId">Parent message id (root message).</param>
            <param name="messageId">Child message id</param>
            <returns>Deeplink to message.</returns>
        </member>
        <member name="M:Microsoft.Teams.Apps.QBot.Infrastructure.TeamsService.IDeepLinkCreator.GetPersonalTabDeepLink(System.String,System.String)">
            <summary>
            Creates a deeplink to personal tab.
            </summary>
            <param name="manifestAppId">App id in manifest.json.</param>
            <param name="personalTabId">Personal tab id.</param>
            <returns>Deeplink to personal tab.</returns>
        </member>
        <member name="M:Microsoft.Teams.Apps.QBot.Infrastructure.TeamsService.IDeepLinkCreator.GetPersonalTabConfigureCourseDeepLink(System.String,System.String,System.String)">
            <summary>
            Creates a deeplink to personal tab.
            </summary>
            <param name="manifestAppId">App id in manifest.json.</param>
            <param name="personalTabId">Personal tab id.</param>
            <param name="courseAadId">The course id to configure.</param>
            <returns>Deeplink to personal tab.</returns>
        </member>
        <member name="T:Microsoft.Teams.Apps.QBot.Infrastructure.TeamsService.IMessageFactory">
            <summary>
            Message factory inteface.
            </summary>
        </member>
        <member name="M:Microsoft.Teams.Apps.QBot.Infrastructure.TeamsService.IMessageFactory.CreateSelectAnswerMessage(Microsoft.Teams.Apps.QBot.Domain.Models.Question,System.Collections.Generic.IEnumerable{Microsoft.Teams.Apps.QBot.Domain.Models.User})">
            <summary>
            Creates "select answer" message and tags users.
            </summary>
            <param name="question">Question object.</param>
            <param name="users">User profiles for users to be tagged.</param>
            <returns>Attachment.</returns>
        </member>
        <member name="M:Microsoft.Teams.Apps.QBot.Infrastructure.TeamsService.IMessageFactory.CreateAnswerMessage(Microsoft.Teams.Apps.QBot.Domain.Models.Question,Microsoft.Teams.Apps.QBot.Domain.Models.Answer,System.Collections.Generic.IEnumerable{Microsoft.Teams.Apps.QBot.Domain.Models.User})">
            <summary>
            Creates an answer message.
            </summary>
            <param name="question">Question object.</param>
            <param name="answer">Answer object.</param>
            <param name="users">User profiles for user ids in Answer/Question object.</param>
            <returns>Attachment.</returns>
        </member>
        <member name="M:Microsoft.Teams.Apps.QBot.Infrastructure.TeamsService.IMessageFactory.CreateSuggestAnswerMessage(Microsoft.Teams.Apps.QBot.Domain.Models.Question,Microsoft.Teams.Apps.QBot.Domain.Models.SuggestedAnswer)">
            <summary>
            Creates "suggest answer" message.
            </summary>
            <param name="question">Question object.</param>
            <param name="suggestedAnswer">Suggested Answer.</param>
            <returns>Attachment.</returns>
        </member>
        <member name="M:Microsoft.Teams.Apps.QBot.Infrastructure.TeamsService.IMessageFactory.CreateNotHelpfulMessage(Microsoft.Teams.Apps.QBot.Domain.Models.Answer,Microsoft.Teams.Apps.QBot.Domain.Models.User)">
            <summary>
            Creates a message when user marks suggested answer as not helpful.
            </summary>
            <param name="answer">Answer object.</param>
            <param name="user">User.</param>
            <returns>Attachment.</returns>
        </member>
        <member name="M:Microsoft.Teams.Apps.QBot.Infrastructure.TeamsService.IMessageFactory.CreateErrorMessage(System.String)">
            <summary>
            Creates an error message. (adaptive card).
            </summary>
            <param name="errorMessage">Error message.</param>
            <returns>Attachment.</returns>
        </member>
        <member name="M:Microsoft.Teams.Apps.QBot.Infrastructure.TeamsService.IMessageFactory.CreateQuestionAnsweredMessage(System.String)">
            <summary>
            Creates a question answered message with deeplink to answer message.
            </summary>
            <param name="deepLink">Deeplink to answer message.</param>
            <returns>Attachment.</returns>
        </member>
        <member name="M:Microsoft.Teams.Apps.QBot.Infrastructure.TeamsService.IMessageFactory.CreateNewThreadMessage">
            <summary>
            Creates a message that explains how to post a new question.
            </summary>
            <returns>Attachment.</returns>
        </member>
        <member name="T:Microsoft.Teams.Apps.QBot.Infrastructure.TeamsService.ITeamPhotoCache">
            <summary>
            Team photo cache interface.
            </summary>
        </member>
        <member name="M:Microsoft.Teams.Apps.QBot.Infrastructure.TeamsService.ITeamPhotoCache.ReadFromCache(System.String)">
            <summary>
            Reads Base64 encoded photo of the Team from cache.
            </summary>
            <param name="teamAadId">teamAadId.</param>
            <returns>Team photo.</returns>
        </member>
        <member name="M:Microsoft.Teams.Apps.QBot.Infrastructure.TeamsService.ITeamPhotoCache.WriteToCache(System.String,System.String)">
            <summary>
            Writes Base64 encoded photo of the course to the cache.
            </summary>
            <param name="teamAadId">Team AAD id.</param>
            <param name="dataUri">Base 64 encoded photo.</param>
        </member>
        <member name="T:Microsoft.Teams.Apps.QBot.Infrastructure.TeamsService.IUserProfilePictureCache">
            <summary>
            User profile picture cache interface.
            </summary>
        </member>
        <member name="M:Microsoft.Teams.Apps.QBot.Infrastructure.TeamsService.IUserProfilePictureCache.ReadFromCache(System.String)">
            <summary>
            Reads user profile pic from cache.
            </summary>
            <param name="userId">User id.</param>
            <returns>User's profile pic.</returns>
        </member>
        <member name="M:Microsoft.Teams.Apps.QBot.Infrastructure.TeamsService.IUserProfilePictureCache.WriteToCache(System.String,System.String)">
            <summary>
            Writes user's profile pic to cache.
            </summary>
            <param name="userId">User id.</param>
            <param name="profilePic">User's profile pic.</param>
        </member>
        <member name="T:Microsoft.Teams.Apps.QBot.Infrastructure.TeamsService.TeamInfoService">
            <summary>
            Teams info service implementation.
            </summary>
        </member>
        <member name="M:Microsoft.Teams.Apps.QBot.Infrastructure.TeamsService.TeamInfoService.#ctor(Microsoft.Graph.GraphServiceClient,Microsoft.Teams.Apps.QBot.Infrastructure.TeamsService.ITeamPhotoCache,Microsoft.Extensions.Logging.ILogger{Microsoft.Teams.Apps.QBot.Infrastructure.TeamsService.TeamInfoService})">
            <summary>
            Initializes a new instance of the <see cref="T:Microsoft.Teams.Apps.QBot.Infrastructure.TeamsService.TeamInfoService"/> class.
            </summary>
            <param name="graphServiceClient">Graph service client.</param>
            <param name="memoryCache">Memory cache.</param>
            <param name="logger">Logger.</param>
        </member>
        <member name="M:Microsoft.Teams.Apps.QBot.Infrastructure.TeamsService.TeamInfoService.GetTeamOwnersIdsAsync(System.String)">
            <inheritdoc/>
        </member>
        <member name="M:Microsoft.Teams.Apps.QBot.Infrastructure.TeamsService.TeamInfoService.GetTeamPhotoAsync(System.String)">
            <inheritdoc/>
        </member>
        <member name="M:Microsoft.Teams.Apps.QBot.Infrastructure.TeamsService.TeamInfoService.GetTeamsPhotoAsync(System.Collections.Generic.IEnumerable{System.String})">
            <inheritdoc/>
        </member>
        <member name="T:Microsoft.Teams.Apps.QBot.Infrastructure.TeamsService.TeamPhotoCache">
            <summary>
            Teams Photo cache.
            </summary>
        </member>
        <member name="F:Microsoft.Teams.Apps.QBot.Infrastructure.TeamsService.TeamPhotoCache.MemoryCacheKeyFormat">
             <summary>
             Memory cache key format.
            
             {0} course id.
             </summary>
        </member>
        <member name="M:Microsoft.Teams.Apps.QBot.Infrastructure.TeamsService.TeamPhotoCache.#ctor">
            <summary>
            Initializes a new instance of the <see cref="T:Microsoft.Teams.Apps.QBot.Infrastructure.TeamsService.TeamPhotoCache"/> class.
            </summary>
        </member>
        <member name="M:Microsoft.Teams.Apps.QBot.Infrastructure.TeamsService.TeamPhotoCache.ReadFromCache(System.String)">
            <inheritdoc/>
        </member>
        <member name="M:Microsoft.Teams.Apps.QBot.Infrastructure.TeamsService.TeamPhotoCache.WriteToCache(System.String,System.String)">
            <inheritdoc/>
        </member>
        <member name="T:Microsoft.Teams.Apps.QBot.Infrastructure.TeamsService.TeamsMessageFactory">
            <summary>
            Message factory implementation.
            </summary>
        </member>
        <member name="F:Microsoft.Teams.Apps.QBot.Infrastructure.TeamsService.TeamsMessageFactory.ErrorCardTemplatePath">
            <summary>
            Select answer adaptive card template file path.
            {0} - base directory.
            </summary>
        </member>
        <member name="F:Microsoft.Teams.Apps.QBot.Infrastructure.TeamsService.TeamsMessageFactory.SelectAnswerTemplatePath">
            <summary>
            Select answer adaptive card template file path.
            {0} - base directory.
            </summary>
        </member>
        <member name="F:Microsoft.Teams.Apps.QBot.Infrastructure.TeamsService.TeamsMessageFactory.CorrectAnswerTemplatePath">
            <summary>
            Correct answer adaptive card template file path.
            {0} - base directory.
            </summary>
        </member>
        <member name="F:Microsoft.Teams.Apps.QBot.Infrastructure.TeamsService.TeamsMessageFactory.SuggestAnswerTemplatePath">
            <summary>
            Suggest answer adaptive card template file path.
            {0} - base directory.
            </summary>
        </member>
        <member name="F:Microsoft.Teams.Apps.QBot.Infrastructure.TeamsService.TeamsMessageFactory.HelpfulAnswerTemplatePath">
            <summary>
            Helpful answer adaptive card template file path.
            {0} - base directory.
            </summary>
        </member>
        <member name="F:Microsoft.Teams.Apps.QBot.Infrastructure.TeamsService.TeamsMessageFactory.NotHelpfulAnswerTemplatePath">
            <summary>
            Not Helpful answer adaptive card template file path.
            {0} - base directory.
            </summary>
        </member>
        <member name="F:Microsoft.Teams.Apps.QBot.Infrastructure.TeamsService.TeamsMessageFactory.QuestionAnsweredTemplatePath">
            <summary>
            Question answered adaptive card template.
            {0} - base directory.
            </summary>
        </member>
        <member name="F:Microsoft.Teams.Apps.QBot.Infrastructure.TeamsService.TeamsMessageFactory.CreateNewThreadTemplatePath">
            <summary>
            Create new thread adaptive card template file path..
            {0} - baseUrl.
            </summary>
        </member>
        <member name="F:Microsoft.Teams.Apps.QBot.Infrastructure.TeamsService.TeamsMessageFactory.DefaultProfilePicUrl">
            <summary>
            Default profile pic for a user.
            {0} - baseUrl.
            </summary>
        </member>
        <member name="F:Microsoft.Teams.Apps.QBot.Infrastructure.TeamsService.TeamsMessageFactory.BotProfilePicUrl">
            <summary>
            Bot profile pic.
            {0} - baseUrl.
            </summary>
        </member>
        <member name="F:Microsoft.Teams.Apps.QBot.Infrastructure.TeamsService.TeamsMessageFactory.Base64EncodedImageUrl">
            <summary>
            Base64 encoded image url in adaptive cards.
            {0} base64 encoded image.
            </summary>
        </member>
        <member name="M:Microsoft.Teams.Apps.QBot.Infrastructure.TeamsService.TeamsMessageFactory.#ctor(Microsoft.Teams.Apps.QBot.Infrastructure.TeamsService.IAppSettings,Microsoft.Extensions.Localization.IStringLocalizer{Microsoft.Teams.Apps.QBot.Infrastructure.Strings})">
            <summary>
            Initializes a new instance of the <see cref="T:Microsoft.Teams.Apps.QBot.Infrastructure.TeamsService.TeamsMessageFactory"/> class.
            </summary>
            <param name="appSettings">App settings.</param>
            <param name="localizer">Localizer.</param>
        </member>
        <member name="M:Microsoft.Teams.Apps.QBot.Infrastructure.TeamsService.TeamsMessageFactory.CreateAnswerMessage(Microsoft.Teams.Apps.QBot.Domain.Models.Question,Microsoft.Teams.Apps.QBot.Domain.Models.Answer,System.Collections.Generic.IEnumerable{Microsoft.Teams.Apps.QBot.Domain.Models.User})">
            <inheritdoc/>
        </member>
        <member name="M:Microsoft.Teams.Apps.QBot.Infrastructure.TeamsService.TeamsMessageFactory.CreateSelectAnswerMessage(Microsoft.Teams.Apps.QBot.Domain.Models.Question,System.Collections.Generic.IEnumerable{Microsoft.Teams.Apps.QBot.Domain.Models.User})">
            <inheritdoc/>
        </member>
        <member name="M:Microsoft.Teams.Apps.QBot.Infrastructure.TeamsService.TeamsMessageFactory.CreateSuggestAnswerMessage(Microsoft.Teams.Apps.QBot.Domain.Models.Question,Microsoft.Teams.Apps.QBot.Domain.Models.SuggestedAnswer)">
            <inheritdoc/>
        </member>
        <member name="M:Microsoft.Teams.Apps.QBot.Infrastructure.TeamsService.TeamsMessageFactory.CreateNotHelpfulMessage(Microsoft.Teams.Apps.QBot.Domain.Models.Answer,Microsoft.Teams.Apps.QBot.Domain.Models.User)">
            <inheritdoc/>
        </member>
        <member name="M:Microsoft.Teams.Apps.QBot.Infrastructure.TeamsService.TeamsMessageFactory.CreateErrorMessage(System.String)">
            <inheritdoc/>
        </member>
        <member name="M:Microsoft.Teams.Apps.QBot.Infrastructure.TeamsService.TeamsMessageFactory.CreateQuestionAnsweredMessage(System.String)">
            <inheritdoc/>
        </member>
        <member name="M:Microsoft.Teams.Apps.QBot.Infrastructure.TeamsService.TeamsMessageFactory.CreateNewThreadMessage">
            <inheritdoc/>
        </member>
        <member name="T:Microsoft.Teams.Apps.QBot.Infrastructure.TeamsService.TeamsMessageService">
            <summary>
            Teams message service implementation.
            </summary>
        </member>
        <member name="F:Microsoft.Teams.Apps.QBot.Infrastructure.TeamsService.TeamsMessageService.ConversationIdFormat">
            <summary>
            Conversation Id format for conversation thread in a channel.
            {0} channel Id.
            {1} Root message Id.
            </summary>
        </member>
        <member name="M:Microsoft.Teams.Apps.QBot.Infrastructure.TeamsService.TeamsMessageService.#ctor(Microsoft.Teams.Apps.QBot.Infrastructure.TeamsService.IAppSettings,Microsoft.Graph.GraphServiceClient,Microsoft.Bot.Builder.Integration.AspNet.Core.BotFrameworkHttpAdapter,Microsoft.Teams.Apps.QBot.Infrastructure.TeamsService.IMessageFactory,Microsoft.Teams.Apps.QBot.Infrastructure.Data.Repositories.IAppSettingsRepository,Microsoft.Extensions.Localization.IStringLocalizer{Microsoft.Teams.Apps.QBot.Infrastructure.Strings},Microsoft.Teams.Apps.QBot.Infrastructure.TeamsService.IDeepLinkCreator,Microsoft.Extensions.Logging.ILogger{Microsoft.Teams.Apps.QBot.Infrastructure.TeamsService.TeamsMessageService})">
            <summary>
            Initializes a new instance of the <see cref="T:Microsoft.Teams.Apps.QBot.Infrastructure.TeamsService.TeamsMessageService"/> class.
            </summary>
            <param name="appSettings">App Settings.</param>
            <param name="graphServiceClient">Graph service client.</param>
            <param name="botAdaper">Bot Adapter.</param>
            <param name="messageFactory">Message factory.</param>
            <param name="repository">App settings repository.</param>
            <param name="localizer">Localizer.</param>
            <param name="deepLinkCreator">Deep link creator.</param>
            <param name="logger">Logger.</param>
        </member>
        <member name="M:Microsoft.Teams.Apps.QBot.Infrastructure.TeamsService.TeamsMessageService.GetQuestionsMessageAsync(System.String,System.String,System.Collections.Generic.IEnumerable{System.String})">
            <inheritdoc/>
        </member>
        <member name="M:Microsoft.Teams.Apps.QBot.Infrastructure.TeamsService.TeamsMessageService.GetQuestionMessageAsync(System.String,System.String,System.String)">
            <inheritdoc/>
        </member>
        <member name="M:Microsoft.Teams.Apps.QBot.Infrastructure.TeamsService.TeamsMessageService.GetQuestionResponseAsync(System.String,System.String,System.String,System.String)">
            <inheritdoc/>
        </member>
        <member name="M:Microsoft.Teams.Apps.QBot.Infrastructure.TeamsService.TeamsMessageService.GetQuestionResponsesAsync(System.String,System.String,System.String)">
            <inheritdoc/>
        </member>
        <member name="M:Microsoft.Teams.Apps.QBot.Infrastructure.TeamsService.TeamsMessageService.PostCorrectAnswerAsync(Microsoft.Teams.Apps.QBot.Domain.Models.Question,Microsoft.Teams.Apps.QBot.Domain.Models.Answer,System.Collections.Generic.IEnumerable{Microsoft.Teams.Apps.QBot.Domain.Models.User})">
            <inheritdoc/>
        </member>
        <member name="M:Microsoft.Teams.Apps.QBot.Infrastructure.TeamsService.TeamsMessageService.PostSelectAnswerAsync(Microsoft.Teams.Apps.QBot.Domain.Models.Question,System.Collections.Generic.IEnumerable{Microsoft.Teams.Apps.QBot.Domain.Models.User})">
            <inheritdoc/>
        </member>
        <member name="M:Microsoft.Teams.Apps.QBot.Infrastructure.TeamsService.TeamsMessageService.PostSuggestAnswerAsync(Microsoft.Teams.Apps.QBot.Domain.Models.Question,Microsoft.Teams.Apps.QBot.Domain.Models.SuggestedAnswer)">
            <inheritdoc/>
        </member>
        <member name="M:Microsoft.Teams.Apps.QBot.Infrastructure.TeamsService.TeamsMessageService.UpdateSuggestedAnswerAsync(Microsoft.Teams.Apps.QBot.Domain.Models.Question,Microsoft.Teams.Apps.QBot.Domain.Models.Answer,Microsoft.Teams.Apps.QBot.Domain.Models.User)">
            <inheritdoc/>
        </member>
        <member name="M:Microsoft.Teams.Apps.QBot.Infrastructure.TeamsService.TeamsMessageService.NotifyQuestionAnsweredAsync(Microsoft.Teams.Apps.QBot.Domain.Models.Course,Microsoft.Teams.Apps.QBot.Domain.Models.Channel,Microsoft.Teams.Apps.QBot.Domain.Models.Question,Microsoft.Teams.Apps.QBot.Domain.Models.Answer)">
            <inheritdoc/>
        </member>
        <member name="M:Microsoft.Teams.Apps.QBot.Infrastructure.TeamsService.TeamsMessageService.NotifyAnsweredAcceptedAsync(Microsoft.Teams.Apps.QBot.Domain.Models.Course,Microsoft.Teams.Apps.QBot.Domain.Models.Channel,Microsoft.Teams.Apps.QBot.Domain.Models.Question,Microsoft.Teams.Apps.QBot.Domain.Models.Answer)">
            <inheritdoc/>
        </member>
        <member name="M:Microsoft.Teams.Apps.QBot.Infrastructure.TeamsService.TeamsMessageService.NotifyMemberToSetupCourseAsync(Microsoft.Teams.Apps.QBot.Domain.Models.Course,Microsoft.Teams.Apps.QBot.Domain.Models.Member)">
            <inheritdoc/>
        </member>
        <member name="M:Microsoft.Teams.Apps.QBot.Infrastructure.TeamsService.TeamsMessageService.UpdateSelectAnswerMessageAsync(Microsoft.Teams.Apps.QBot.Domain.Models.Course,Microsoft.Teams.Apps.QBot.Domain.Models.Channel,Microsoft.Teams.Apps.QBot.Domain.Models.Question,Microsoft.Teams.Apps.QBot.Domain.Models.Answer)">
            <inheritdoc/>
        </member>
        <member name="T:Microsoft.Teams.Apps.QBot.Infrastructure.TeamsService.TeamsServiceExtensions">
            <summary>
            Teams service extensions.
            </summary>
        </member>
        <member name="M:Microsoft.Teams.Apps.QBot.Infrastructure.TeamsService.TeamsServiceExtensions.AddTeamsServices(Microsoft.Extensions.DependencyInjection.IServiceCollection)">
             <summary>
             Service Collection extension.
            
             Injects concrete implementations of teams services defined in the Domain project.
             </summary>
             <param name="services">Servie collection.</param>
             <returns>Service collection.</returns>
        </member>
        <member name="T:Microsoft.Teams.Apps.QBot.Infrastructure.TeamsService.UserProfilePictureCache">
            <summary>
            User profile cache.
            </summary>
        </member>
        <member name="F:Microsoft.Teams.Apps.QBot.Infrastructure.TeamsService.UserProfilePictureCache.MemoryCacheKeyFormat">
             <summary>
             Memory cache key format.
            
             {0} user's AAD id.
             </summary>
        </member>
        <member name="M:Microsoft.Teams.Apps.QBot.Infrastructure.TeamsService.UserProfilePictureCache.#ctor">
            <summary>
            Initializes a new instance of the <see cref="T:Microsoft.Teams.Apps.QBot.Infrastructure.TeamsService.UserProfilePictureCache"/> class.
            </summary>
        </member>
        <member name="M:Microsoft.Teams.Apps.QBot.Infrastructure.TeamsService.UserProfilePictureCache.ReadFromCache(System.String)">
            <inheritdoc/>
        </member>
        <member name="M:Microsoft.Teams.Apps.QBot.Infrastructure.TeamsService.UserProfilePictureCache.WriteToCache(System.String,System.String)">
            <inheritdoc/>
        </member>
        <member name="T:Microsoft.Teams.Apps.QBot.Infrastructure.TeamsService.UserProfileService">
            <summary>
            Service to fetch user profile.
            </summary>
        </member>
        <member name="M:Microsoft.Teams.Apps.QBot.Infrastructure.TeamsService.UserProfileService.#ctor(Microsoft.Graph.GraphServiceClient,Microsoft.Teams.Apps.QBot.Infrastructure.TeamsService.IUserProfilePictureCache,Microsoft.Extensions.Logging.ILogger{Microsoft.Teams.Apps.QBot.Infrastructure.TeamsService.UserProfileService})">
            <summary>
            Initializes a new instance of the <see cref="T:Microsoft.Teams.Apps.QBot.Infrastructure.TeamsService.UserProfileService"/> class.
            </summary>
            <param name="graphServiceClient">Graph client.</param>
            <param name="memoryCache">Memory cache.</param>
            <param name="logger">Logger.</param>
        </member>
        <member name="M:Microsoft.Teams.Apps.QBot.Infrastructure.TeamsService.UserProfileService.GetUserProfileAsync(System.String,System.Boolean)">
            <inheritdoc/>
        </member>
        <member name="M:Microsoft.Teams.Apps.QBot.Infrastructure.TeamsService.UserProfileService.GetUserProfilePicAsync(System.String)">
            <inheritdoc/>
        </member>
        <member name="T:AzureSamples.Security.KeyVault.Proxy.Cache">
             <summary>
             Maintains a cache of <see cref="T:AzureSamples.Security.KeyVault.Proxy.CachedResponse"/> items.
            
             Source: https://github.com/Azure/azure-sdk-for-net/blob/main/sdk/keyvault/samples/keyvaultproxy/src
             </summary>
        </member>
        <member name="M:AzureSamples.Security.KeyVault.Proxy.Cache.Dispose">
            <inheritdoc/>
        </member>
        <member name="M:AzureSamples.Security.KeyVault.Proxy.Cache.GetOrAddAsync(System.Boolean,System.String,System.TimeSpan,System.Func{System.Threading.Tasks.ValueTask{Azure.Response}})">
            <summary>
            Gets a valid <see cref="T:Azure.Response"/> or requests and caches a <see cref="T:AzureSamples.Security.KeyVault.Proxy.CachedResponse"/>.
            </summary>
            <param name="isAsync">Whether certain operations should be performed asynchronously.</param>
            <param name="uri">The URI sans query parameters to cache.</param>
            <param name="ttl">The amount of time for which the cached item is valid.</param>
            <param name="action">The action to request a response.</param>
            <returns>A new <see cref="T:Azure.Response"/>.</returns>
        </member>
        <member name="M:AzureSamples.Security.KeyVault.Proxy.Cache.Clear">
            <summary>
            Clears the cache.
            </summary>
        </member>
        <member name="T:AzureSamples.Security.KeyVault.Proxy.CachedResponse">
             <summary>
             A cached <see cref="T:Azure.Response"/> that is cloned and returned for subsequent requests.
            
             Source: https://github.com/Azure/azure-sdk-for-net/blob/main/sdk/keyvault/samples/keyvaultproxy/src
             </summary>
        </member>
        <member name="P:AzureSamples.Security.KeyVault.Proxy.CachedResponse.Status">
            <inheritdoc/>
        </member>
        <member name="P:AzureSamples.Security.KeyVault.Proxy.CachedResponse.ReasonPhrase">
            <inheritdoc/>
        </member>
        <member name="P:AzureSamples.Security.KeyVault.Proxy.CachedResponse.ContentStream">
            <inheritdoc/>
        </member>
        <member name="P:AzureSamples.Security.KeyVault.Proxy.CachedResponse.ClientRequestId">
            <inheritdoc/>
        </member>
        <member name="P:AzureSamples.Security.KeyVault.Proxy.CachedResponse.IsValid">
            <summary>
            Gets a value indicating whether this <see cref="T:AzureSamples.Security.KeyVault.Proxy.CachedResponse"/> is still valid (has not expired).
            </summary>
        </member>
        <member name="M:AzureSamples.Security.KeyVault.Proxy.CachedResponse.Dispose">
            <inheritdoc/>
        </member>
        <member name="M:AzureSamples.Security.KeyVault.Proxy.CachedResponse.CreateAsync(System.Boolean,Azure.Response,System.TimeSpan)">
            <summary>
            Creates a new <see cref="T:AzureSamples.Security.KeyVault.Proxy.CachedResponse"/>.
            </summary>
            <param name="isAsync">Whether to copy the <see cref="P:AzureSamples.Security.KeyVault.Proxy.CachedResponse.ContentStream"/> asynchronously.</param>
            <param name="response">The <see cref="T:Azure.Response"/> to copy.</param>
            <param name="ttl">The time to live.</param>
            <returns>A <see cref="T:AzureSamples.Security.KeyVault.Proxy.CachedResponse"/> copied from the <paramref name="response"/>.</returns>
        </member>
        <member name="M:AzureSamples.Security.KeyVault.Proxy.CachedResponse.CloneAsync(System.Boolean)">
            <summary>
            Clones this <see cref="T:AzureSamples.Security.KeyVault.Proxy.CachedResponse"/> into a new <see cref="T:Azure.Response"/>.
            </summary>
            <param name="isAsync">Whether to copy the <see cref="P:AzureSamples.Security.KeyVault.Proxy.CachedResponse.ContentStream"/> asynchronously.</param>
            <returns>A cloned <see cref="T:Azure.Response"/>.</returns>
        </member>
        <member name="M:AzureSamples.Security.KeyVault.Proxy.CachedResponse.ContainsHeader(System.String)">
            <inheritdoc/>
        </member>
        <member name="M:AzureSamples.Security.KeyVault.Proxy.CachedResponse.EnumerateHeaders">
            <inheritdoc/>
        </member>
        <member name="M:AzureSamples.Security.KeyVault.Proxy.CachedResponse.TryGetHeader(System.String,System.String@)">
            <inheritdoc/>
        </member>
        <member name="M:AzureSamples.Security.KeyVault.Proxy.CachedResponse.TryGetHeaderValues(System.String,System.Collections.Generic.IEnumerable{System.String}@)">
            <inheritdoc/>
        </member>
        <member name="T:AzureSamples.Security.KeyVault.Proxy.KeyVaultProxy">
             <summary>
             Cache <c>GET</c> requests for secrets, keys, or certificates for Azure Key Vault clients.
            
             Source: https://github.com/Azure/azure-sdk-for-net/blob/main/sdk/keyvault/samples/keyvaultproxy/src
             </summary>
        </member>
        <member name="M:AzureSamples.Security.KeyVault.Proxy.KeyVaultProxy.#ctor(System.Nullable{System.TimeSpan})">
            <summary>
            Initializes a new instance of the <see cref="T:AzureSamples.Security.KeyVault.Proxy.KeyVaultProxy"/> class.
            </summary>
            <param name="ttl">Optional time to live for cached responses. The default is 1 hour.</param>
            <exception cref="T:System.ArgumentOutOfRangeException"><paramref name="ttl"/> is less than 0.</exception>
        </member>
        <member name="P:AzureSamples.Security.KeyVault.Proxy.KeyVaultProxy.Ttl">
            <summary>
            Gets the time to live for cached responses.
            </summary>
        </member>
        <member name="M:AzureSamples.Security.KeyVault.Proxy.KeyVaultProxy.Clear">
            <summary>
            Clears the in-memory cache.
            </summary>
        </member>
        <member name="M:AzureSamples.Security.KeyVault.Proxy.KeyVaultProxy.Process(Azure.Core.HttpMessage,System.ReadOnlyMemory{Azure.Core.Pipeline.HttpPipelinePolicy})">
            <inheritdoc/>
        </member>
        <member name="M:AzureSamples.Security.KeyVault.Proxy.KeyVaultProxy.ProcessAsync(Azure.Core.HttpMessage,System.ReadOnlyMemory{Azure.Core.Pipeline.HttpPipelinePolicy})">
            <inheritdoc/>
        </member>
        <member name="M:AzureSamples.Security.KeyVault.Proxy.KeyVaultProxy.System#IDisposable#Dispose">
            <inheritdoc/>
        </member>
        <member name="M:AzureSamples.Security.KeyVault.Proxy.KeyVaultProxy.IsSupported(System.String)">
            <summary>
            checks if uri is supported.
            </summary>
            <param name="uri">Uri.</param>
            <returns>If uri is supported.</returns>
        </member>
    </members>
</doc>
