<?xml version="1.0"?>
<doc>
    <assembly>
        <name>Microsoft.Teams.Apps.QBot.Domain</name>
    </assembly>
    <members>
        <member name="T:Microsoft.Teams.Apps.QBot.Domain.Courses.CourseReader">
            <summary>
            Read Course informaiton.
            </summary>
        </member>
        <member name="M:Microsoft.Teams.Apps.QBot.Domain.Courses.CourseReader.#ctor(Microsoft.Teams.Apps.QBot.Domain.IRepositories.ICourseRepository,Microsoft.Teams.Apps.QBot.Domain.IChannelRepository,Microsoft.Teams.Apps.QBot.Domain.IRepositories.IMemberRepository,Microsoft.Teams.Apps.QBot.Domain.IRepositories.ITutorialGroupRepository,Microsoft.Teams.Apps.QBot.Domain.IServices.ITeamInfoService,Microsoft.Extensions.Logging.ILogger{Microsoft.Teams.Apps.QBot.Domain.Courses.CourseReader})">
            <summary>
            Initializes a new instance of the <see cref="T:Microsoft.Teams.Apps.QBot.Domain.Courses.CourseReader"/> class.
            </summary>
            <param name="courseRepository">Course repository.</param>
            <param name="channelRepository">Channel repository.</param>
            <param name="memberRepository">Member repository.</param>
            <param name="tutorialGroupRepository">Tutorial group repository.</param>
            <param name="teamInfoService">Team info service.</param>
            <param name="logger">Logger.</param>
        </member>
        <member name="M:Microsoft.Teams.Apps.QBot.Domain.Courses.CourseReader.GetCourseAsync(System.String)">
            <inheritdoc/>
        </member>
        <member name="M:Microsoft.Teams.Apps.QBot.Domain.Courses.CourseReader.GetAllCoursesAsync">
            <inheritdoc/>
        </member>
        <member name="M:Microsoft.Teams.Apps.QBot.Domain.Courses.CourseReader.GetAllCoursesForUserAsync(System.String)">
            <inheritdoc/>
        </member>
        <member name="M:Microsoft.Teams.Apps.QBot.Domain.Courses.CourseReader.GetAllChannelsAsync(System.String)">
            <inheritdoc/>
        </member>
        <member name="M:Microsoft.Teams.Apps.QBot.Domain.Courses.CourseReader.GetAllMembersAsync(System.String,System.Collections.Generic.IList{Microsoft.Teams.Apps.QBot.Domain.Models.MemberRole})">
            <inheritdoc/>
        </member>
        <member name="M:Microsoft.Teams.Apps.QBot.Domain.Courses.CourseReader.GetAllTutorialGroupsAsync(System.String)">
            <inheritdoc/>
        </member>
        <member name="M:Microsoft.Teams.Apps.QBot.Domain.Courses.CourseReader.GetMemberAsync(System.String,System.String)">
            <inheritdoc/>
        </member>
        <member name="M:Microsoft.Teams.Apps.QBot.Domain.Courses.CourseReader.GetChannelAsync(System.String,System.String)">
            <inheritdoc/>
        </member>
        <member name="T:Microsoft.Teams.Apps.QBot.Domain.Courses.CourseSetup">
            <summary>
            Concrete Implementation of <see cref="T:Microsoft.Teams.Apps.QBot.Domain.Courses.ICourseSetup"/>.
            </summary>
        </member>
        <member name="M:Microsoft.Teams.Apps.QBot.Domain.Courses.CourseSetup.#ctor(Microsoft.Teams.Apps.QBot.Domain.Courses.ICourseValidator,Microsoft.Teams.Apps.QBot.Domain.IRepositories.ICourseRepository,Microsoft.Teams.Apps.QBot.Domain.IChannelRepository,Microsoft.Teams.Apps.QBot.Domain.IRepositories.IMemberRepository,Microsoft.Teams.Apps.QBot.Domain.IRepositories.ITutorialGroupRepository,Microsoft.Teams.Apps.QBot.Domain.IServices.ITeamsMessageService,Microsoft.Teams.Apps.QBot.Domain.ITutorialGroupValidator,Microsoft.Extensions.Logging.ILogger{Microsoft.Teams.Apps.QBot.Domain.Courses.CourseSetup})">
            <summary>
            Initializes a new instance of the <see cref="T:Microsoft.Teams.Apps.QBot.Domain.Courses.CourseSetup"/> class.
            </summary>
            <param name="courseRepository">Course repository.</param>
            <param name="courseValidator">Course validator.</param>
            <param name="channelRepository">Channel repository.</param>
            <param name="memberRepository">Member repository.</param>
            <param name="tutorialGroupRepository">Tutorial group repository.</param>
            <param name="teamsMessageService">Teams message service.</param>
            <param name="tutorialGroupValidator">Tutorial group validator.</param>
            <param name="logger">Logger.</param>
        </member>
        <member name="M:Microsoft.Teams.Apps.QBot.Domain.Courses.CourseSetup.AddNewCourseAsync(Microsoft.Teams.Apps.QBot.Domain.Models.Course,System.Collections.Generic.IEnumerable{Microsoft.Teams.Apps.QBot.Domain.Models.Channel},System.Collections.Generic.IEnumerable{Microsoft.Teams.Apps.QBot.Domain.Models.Member})">
            <inheritdoc/>
        </member>
        <member name="M:Microsoft.Teams.Apps.QBot.Domain.Courses.CourseSetup.UpdateCourseAsync(Microsoft.Teams.Apps.QBot.Domain.Models.Course)">
            <inheritdoc/>
        </member>
        <member name="M:Microsoft.Teams.Apps.QBot.Domain.Courses.CourseSetup.DeleteCourseAsync(System.String)">
            <inheritdoc/>
        </member>
        <member name="M:Microsoft.Teams.Apps.QBot.Domain.Courses.CourseSetup.AddChannelAsync(System.String,Microsoft.Teams.Apps.QBot.Domain.Models.Channel)">
            <inheritdoc/>
        </member>
        <member name="M:Microsoft.Teams.Apps.QBot.Domain.Courses.CourseSetup.UpdateChannelAsync(System.String,Microsoft.Teams.Apps.QBot.Domain.Models.Channel)">
            <inheritdoc/>
        </member>
        <member name="M:Microsoft.Teams.Apps.QBot.Domain.Courses.CourseSetup.DeleteChannelAsync(System.String,System.String)">
            <inheritdoc/>
        </member>
        <member name="M:Microsoft.Teams.Apps.QBot.Domain.Courses.CourseSetup.AddMembersAsync(System.String,System.Collections.Generic.IEnumerable{Microsoft.Teams.Apps.QBot.Domain.Models.Member})">
            <inheritdoc/>
        </member>
        <member name="M:Microsoft.Teams.Apps.QBot.Domain.Courses.CourseSetup.RemoveMembersAsync(System.String,System.Collections.Generic.IEnumerable{Microsoft.Teams.Apps.QBot.Domain.Models.Member})">
            <inheritdoc/>
        </member>
        <member name="M:Microsoft.Teams.Apps.QBot.Domain.Courses.CourseSetup.AddTutorialGroupsAsync(System.String,System.Collections.Generic.IEnumerable{Microsoft.Teams.Apps.QBot.Domain.Models.TutorialGroup})">
            <inheritdoc/>
        </member>
        <member name="M:Microsoft.Teams.Apps.QBot.Domain.Courses.CourseSetup.DeleteTutorialGroupsAsync(System.Collections.Generic.IEnumerable{System.String})">
            <inheritdoc/>
        </member>
        <member name="M:Microsoft.Teams.Apps.QBot.Domain.Courses.CourseSetup.UpdateMemberAsync(System.String,Microsoft.Teams.Apps.QBot.Domain.Models.Member)">
            <inheritdoc/>
        </member>
        <member name="T:Microsoft.Teams.Apps.QBot.Domain.Courses.CourseValidator">
            <summary>
            Validates course.
            </summary>
        </member>
        <member name="M:Microsoft.Teams.Apps.QBot.Domain.Courses.CourseValidator.IsValid(Microsoft.Teams.Apps.QBot.Domain.Models.Course)">
            <inheritdoc/>
        </member>
        <member name="M:Microsoft.Teams.Apps.QBot.Domain.Courses.CourseValidator.IsValid(Microsoft.Teams.Apps.QBot.Domain.Models.Channel)">
            <inheritdoc/>
        </member>
        <member name="T:Microsoft.Teams.Apps.QBot.Domain.Courses.ICourseReader">
            <summary>
            Course reader interface.
            </summary>
        </member>
        <member name="M:Microsoft.Teams.Apps.QBot.Domain.Courses.ICourseReader.GetCourseAsync(System.String)">
            <summary>
            Gets course.
            </summary>
            <param name="courseId">Course id.</param>
            <returns>Course.</returns>
        </member>
        <member name="M:Microsoft.Teams.Apps.QBot.Domain.Courses.ICourseReader.GetAllCoursesAsync">
            <summary>
            Gets all the courses in the tenant.
            </summary>
            <returns>list of courses.</returns>
        </member>
        <member name="M:Microsoft.Teams.Apps.QBot.Domain.Courses.ICourseReader.GetAllCoursesForUserAsync(System.String)">
            <summary>
            Get all the courses that the user is member of.
            </summary>
            <param name="userId">User id.</param>
            <returns>List of courses.</returns>
        </member>
        <member name="M:Microsoft.Teams.Apps.QBot.Domain.Courses.ICourseReader.GetAllChannelsAsync(System.String)">
            <summary>
            Gets all the channels in a course.
            </summary>
            <param name="courseId">Course id.</param>
            <returns>List of channels.</returns>
        </member>
        <member name="M:Microsoft.Teams.Apps.QBot.Domain.Courses.ICourseReader.GetChannelAsync(System.String,System.String)">
            <summary>
            Get channel in a course.
            </summary>
            <param name="courseId">Course id.</param>
            <param name="channelId">Channel id.</param>
            <returns>Channel.</returns>
        </member>
        <member name="M:Microsoft.Teams.Apps.QBot.Domain.Courses.ICourseReader.GetMemberAsync(System.String,System.String)">
            <summary>
            Gets the member in a course.
            </summary>
            <param name="courseId">Course id.</param>
            <param name="memberId">Member id.</param>
            <returns>Member object.</returns>
        </member>
        <member name="M:Microsoft.Teams.Apps.QBot.Domain.Courses.ICourseReader.GetAllMembersAsync(System.String,System.Collections.Generic.IList{Microsoft.Teams.Apps.QBot.Domain.Models.MemberRole})">
            <summary>
            Gets all the members in a course with roles specified.
            </summary>
            <param name="courseId">Course id.</param>
            <param name="roles">List of member roles.</param>
            <returns>List of members.</returns>
        </member>
        <member name="M:Microsoft.Teams.Apps.QBot.Domain.Courses.ICourseReader.GetAllTutorialGroupsAsync(System.String)">
            <summary>
            Gets all the tutorial groups in a course.
            </summary>
            <param name="courseId">Course id.</param>
            <returns>List of tutorial group.</returns>
        </member>
        <member name="T:Microsoft.Teams.Apps.QBot.Domain.Courses.ICourseSetup">
             <summary>
             Holds operations involed in Setting-up a course.
            
             Responsible for the following:
             1. Managing a course - Add, update and delete.
             2. Managing channels in a course - Add, update and delete.
             3. Managing members in a course - Add and remove.
             4. Managing tutorial groups in a course - Add and delete.
             5. Linking KB to a course.
             </summary>
        </member>
        <member name="M:Microsoft.Teams.Apps.QBot.Domain.Courses.ICourseSetup.AddNewCourseAsync(Microsoft.Teams.Apps.QBot.Domain.Models.Course,System.Collections.Generic.IEnumerable{Microsoft.Teams.Apps.QBot.Domain.Models.Channel},System.Collections.Generic.IEnumerable{Microsoft.Teams.Apps.QBot.Domain.Models.Member})">
            <summary>
            Adds a new Course.
            </summary>
            <param name="course">Course.</param>
            <param name="channels">List of channels in the course.</param>
            <param name="members">List of members in the course.</param>
            <returns>A <see cref="T:System.Threading.Tasks.Task"/> representing the asynchronous operation.</returns>
        </member>
        <member name="M:Microsoft.Teams.Apps.QBot.Domain.Courses.ICourseSetup.UpdateCourseAsync(Microsoft.Teams.Apps.QBot.Domain.Models.Course)">
             <summary>
             Updates an existing Course.
            
             Note: Only name changes allowed.
             </summary>
             <param name="course">Course.</param>
             <returns>A <see cref="T:System.Threading.Tasks.Task"/> representing the asynchronous operation.</returns>
        </member>
        <member name="M:Microsoft.Teams.Apps.QBot.Domain.Courses.ICourseSetup.DeleteCourseAsync(System.String)">
            <summary>
            Deletes an existing Course and related entities.
            </summary>
            <param name="courseId">Course Id.</param>
            <returns>A <see cref="T:System.Threading.Tasks.Task"/> representing the asynchronous operation.</returns>
        </member>
        <member name="M:Microsoft.Teams.Apps.QBot.Domain.Courses.ICourseSetup.AddChannelAsync(System.String,Microsoft.Teams.Apps.QBot.Domain.Models.Channel)">
            <summary>
            Adds channel to a course.
            </summary>
            <param name="courseId">Course Id.</param>
            <param name="channel">Channel.</param>
            <returns>A <see cref="T:System.Threading.Tasks.Task"/> representing the asynchronous operation.</returns>
        </member>
        <member name="M:Microsoft.Teams.Apps.QBot.Domain.Courses.ICourseSetup.UpdateChannelAsync(System.String,Microsoft.Teams.Apps.QBot.Domain.Models.Channel)">
             <summary>
             Updates channel in a course.
            
             Note: Only name updates are allowed.
             </summary>
             <param name="courseId">Course Id.</param>
             <param name="channel">Channel.</param>
             <returns>A <see cref="T:System.Threading.Tasks.Task"/> representing the asynchronous operation.</returns>
        </member>
        <member name="M:Microsoft.Teams.Apps.QBot.Domain.Courses.ICourseSetup.DeleteChannelAsync(System.String,System.String)">
            <summary>
            Removes channel from a course.
            </summary>
            <param name="courseId">Course Id.</param>
            <param name="channelId">Channel Id.</param>
            <returns>A <see cref="T:System.Threading.Tasks.Task"/> representing the asynchronous operation.</returns>
        </member>
        <member name="M:Microsoft.Teams.Apps.QBot.Domain.Courses.ICourseSetup.AddMembersAsync(System.String,System.Collections.Generic.IEnumerable{Microsoft.Teams.Apps.QBot.Domain.Models.Member})">
            <summary>
            Adds members to a course.
            </summary>
            <param name="courseId">Course Id.</param>
            <param name="members">List of members.</param>
            <returns>A <see cref="T:System.Threading.Tasks.Task"/> representing the asynchronous operation.</returns>
        </member>
        <member name="M:Microsoft.Teams.Apps.QBot.Domain.Courses.ICourseSetup.UpdateMemberAsync(System.String,Microsoft.Teams.Apps.QBot.Domain.Models.Member)">
            <summary>
            Updates member in a course.
            </summary>
            <param name="courseId">Course Id.</param>
            <param name="member">Updated member object.</param>
            <returns>A <see cref="T:System.Threading.Tasks.Task"/> representing the asynchronous operation.</returns>
        </member>
        <member name="M:Microsoft.Teams.Apps.QBot.Domain.Courses.ICourseSetup.RemoveMembersAsync(System.String,System.Collections.Generic.IEnumerable{Microsoft.Teams.Apps.QBot.Domain.Models.Member})">
            <summary>
            Removes members from a course.
            </summary>
            <param name="courseId">Course Id.</param>
            <param name="members">List of members.</param>
            <returns>A <see cref="T:System.Threading.Tasks.Task"/> representing the asynchronous operation.</returns>
        </member>
        <member name="M:Microsoft.Teams.Apps.QBot.Domain.Courses.ICourseSetup.AddTutorialGroupsAsync(System.String,System.Collections.Generic.IEnumerable{Microsoft.Teams.Apps.QBot.Domain.Models.TutorialGroup})">
            <summary>
            Adds tutorial groups to a course.
            </summary>
            <param name="courseId">Course Id.</param>
            <param name="tutorialGroups">List of tutorial groups.</param>
            <returns>A <see cref="T:System.Threading.Tasks.Task"/> representing the asynchronous operation.</returns>
        </member>
        <member name="M:Microsoft.Teams.Apps.QBot.Domain.Courses.ICourseSetup.DeleteTutorialGroupsAsync(System.Collections.Generic.IEnumerable{System.String})">
            <summary>
            Deletes tutorial groups from a course.
            </summary>
            <param name="tutorialGroupIds">List of tutorial group Ids.</param>
            <returns>A <see cref="T:System.Threading.Tasks.Task"/> representing the asynchronous operation.</returns>
        </member>
        <member name="T:Microsoft.Teams.Apps.QBot.Domain.Courses.ICourseValidator">
            <summary>
            Course object validator.
            </summary>
        </member>
        <member name="M:Microsoft.Teams.Apps.QBot.Domain.Courses.ICourseValidator.IsValid(Microsoft.Teams.Apps.QBot.Domain.Models.Course)">
            <summary>
            Validates if course properties are valid.
            </summary>
            <param name="course">Course object.</param>
            <returns>If the course properties are valid.</returns>
        </member>
        <member name="M:Microsoft.Teams.Apps.QBot.Domain.Courses.ICourseValidator.IsValid(Microsoft.Teams.Apps.QBot.Domain.Models.Channel)">
            <summary>
            Validates if channel properties are valid.
            </summary>
            <param name="channel">Channel object.</param>
            <returns>If the channel properties are valid.</returns>
        </member>
        <member name="T:Microsoft.Teams.Apps.QBot.Domain.DomainExtensions">
            <summary>
            Domain Extension class.
            </summary>
        </member>
        <member name="M:Microsoft.Teams.Apps.QBot.Domain.DomainExtensions.AddDomainServices(Microsoft.Extensions.DependencyInjection.IServiceCollection)">
            <summary>
            Service Collection extension.
            </summary>
            <param name="services">Servie collection.</param>
            <returns>Service collection.</returns>
        </member>
        <member name="T:Microsoft.Teams.Apps.QBot.Domain.Errors.ErrorCode">
            <summary>
            QBot error codes.
            </summary>
        </member>
        <member name="F:Microsoft.Teams.Apps.QBot.Domain.Errors.ErrorCode.Unknown">
            <summary>
            Unknown error.
            </summary>
        </member>
        <member name="F:Microsoft.Teams.Apps.QBot.Domain.Errors.ErrorCode.Forbidden">
            <summary>
            Unauthorized.
            </summary>
        </member>
        <member name="F:Microsoft.Teams.Apps.QBot.Domain.Errors.ErrorCode.InvalidOperation">
            <summary>
            When client performs invalid operation.
            </summary>
        </member>
        <member name="F:Microsoft.Teams.Apps.QBot.Domain.Errors.ErrorCode.UserNotFound">
            <summary>
            User not found.
            </summary>
        </member>
        <member name="F:Microsoft.Teams.Apps.QBot.Domain.Errors.ErrorCode.CourseNotFound">
            <summary>
            Course not found.
            </summary>
        </member>
        <member name="F:Microsoft.Teams.Apps.QBot.Domain.Errors.ErrorCode.InvalidCourse">
            <summary>
            Invalid course definition.
            </summary>
        </member>
        <member name="F:Microsoft.Teams.Apps.QBot.Domain.Errors.ErrorCode.ChannelNotFound">
            <summary>
            Channel not found.
            </summary>
        </member>
        <member name="F:Microsoft.Teams.Apps.QBot.Domain.Errors.ErrorCode.InvalidChannel">
            <summary>
            Invalid channel definition.
            </summary>
        </member>
        <member name="F:Microsoft.Teams.Apps.QBot.Domain.Errors.ErrorCode.TutorialGroupNotFound">
            <summary>
            Tutorial group not found.
            </summary>
        </member>
        <member name="F:Microsoft.Teams.Apps.QBot.Domain.Errors.ErrorCode.QuestionNotFound">
            <summary>
            Question not found.
            </summary>
        </member>
        <member name="F:Microsoft.Teams.Apps.QBot.Domain.Errors.ErrorCode.QuestionMarkedAsAnswered">
            <summary>
            Question is marked as answered.
            </summary>
        </member>
        <member name="F:Microsoft.Teams.Apps.QBot.Domain.Errors.ErrorCode.InvalidAnswer">
            <summary>
            Invalid answer object.
            </summary>
        </member>
        <member name="F:Microsoft.Teams.Apps.QBot.Domain.Errors.ErrorCode.InvalidKnowledgeBase">
            <summary>
            Invalid knowledge base definition.
            </summary>
        </member>
        <member name="F:Microsoft.Teams.Apps.QBot.Domain.Errors.ErrorCode.KnowledgeBaseNotFound">
            <summary>
            Knowledge base not found.
            </summary>
        </member>
        <member name="F:Microsoft.Teams.Apps.QBot.Domain.Errors.ErrorCode.MemberNotFound">
            <summary>
            Member not found.
            </summary>
        </member>
        <member name="F:Microsoft.Teams.Apps.QBot.Domain.Errors.ErrorCode.InvalidTutorialGroup">
            <summary>
            Invalid tutorigal group object.
            </summary>
        </member>
        <member name="T:Microsoft.Teams.Apps.QBot.Domain.Errors.QBotException">
            <summary>
            QBotException.
            </summary>
        </member>
        <member name="M:Microsoft.Teams.Apps.QBot.Domain.Errors.QBotException.#ctor">
            <summary>
            Initializes a new instance of the <see cref="T:Microsoft.Teams.Apps.QBot.Domain.Errors.QBotException"/> class.
            </summary>
        </member>
        <member name="M:Microsoft.Teams.Apps.QBot.Domain.Errors.QBotException.#ctor(System.String)">
            <summary>
            Initializes a new instance of the <see cref="T:Microsoft.Teams.Apps.QBot.Domain.Errors.QBotException"/> class.
            </summary>
            <param name="message">Exception message.</param>
        </member>
        <member name="M:Microsoft.Teams.Apps.QBot.Domain.Errors.QBotException.#ctor(System.String,System.Exception)">
            <summary>
            Initializes a new instance of the <see cref="T:Microsoft.Teams.Apps.QBot.Domain.Errors.QBotException"/> class.
            </summary>
            <param name="message">Exception message.</param>
            <param name="innerException">Inner exception.</param>
        </member>
        <member name="M:Microsoft.Teams.Apps.QBot.Domain.Errors.QBotException.#ctor(System.Net.HttpStatusCode,Microsoft.Teams.Apps.QBot.Domain.Errors.ErrorCode,System.String,System.Exception)">
            <summary>
            Initializes a new instance of the <see cref="T:Microsoft.Teams.Apps.QBot.Domain.Errors.QBotException"/> class.
            </summary>
            <param name="statusCode">Http Status code.</param>
            <param name="code">Error Code.</param>
            <param name="message">Exception message.</param>
            <param name="innerException">Inner Exception (Optional).</param>
        </member>
        <member name="P:Microsoft.Teams.Apps.QBot.Domain.Errors.QBotException.StatusCode">
            <summary>
            Gets Http Status Code.
            </summary>
        </member>
        <member name="P:Microsoft.Teams.Apps.QBot.Domain.Errors.QBotException.Code">
            <summary>
            Gets Error code.
            </summary>
        </member>
        <member name="T:Microsoft.Teams.Apps.QBot.Domain.IChannelRepository">
            <summary>
            <see cref="T:Microsoft.Teams.Apps.QBot.Domain.Models.Channel"/> repository.
            </summary>
        </member>
        <member name="M:Microsoft.Teams.Apps.QBot.Domain.IChannelRepository.AddChannelAsync(Microsoft.Teams.Apps.QBot.Domain.Models.Channel)">
            <summary>
            Add the channel to db.
            </summary>
            <param name="channel">Channel.</param>
            <returns>async task.</returns>
        </member>
        <member name="M:Microsoft.Teams.Apps.QBot.Domain.IChannelRepository.AddChannelsAsync(System.Collections.Generic.IEnumerable{Microsoft.Teams.Apps.QBot.Domain.Models.Channel})">
            <summary>
            Adds list of channels to db.
            </summary>
            <param name="channels">Channels.</param>
            <returns>Async task.</returns>
        </member>
        <member name="M:Microsoft.Teams.Apps.QBot.Domain.IChannelRepository.UpdateChannelAsync(Microsoft.Teams.Apps.QBot.Domain.Models.Channel)">
            <summary>
            Updates channel.
            </summary>
            <param name="channel">Updated channel object.</param>
            <returns>async task.</returns>
        </member>
        <member name="M:Microsoft.Teams.Apps.QBot.Domain.IChannelRepository.DeleteChannelAsync(System.String)">
            <summary>
            Deletes channel.
            </summary>
            <param name="channelId">Channel id.</param>
            <returns>Async task.</returns>
        </member>
        <member name="M:Microsoft.Teams.Apps.QBot.Domain.IChannelRepository.GetChannelAsync(System.String)">
            <summary>
            Gets channel.
            </summary>
            <param name="channelId">Channel id.</param>
            <returns>Channel.</returns>
        </member>
        <member name="M:Microsoft.Teams.Apps.QBot.Domain.IChannelRepository.GetAllChannelsAsync(System.String)">
            <summary>
            Get all the channels in the course.
            </summary>
            <param name="courseId">Course id.</param>
            <returns>List of channels.</returns>
        </member>
        <member name="T:Microsoft.Teams.Apps.QBot.Domain.IRepositories.ICourseRepository">
            <summary>
            <see cref="T:Microsoft.Teams.Apps.QBot.Domain.Models.Course"/> repository.
            </summary>
        </member>
        <member name="M:Microsoft.Teams.Apps.QBot.Domain.IRepositories.ICourseRepository.AddCourseAsync(Microsoft.Teams.Apps.QBot.Domain.Models.Course)">
            <summary>
            Adds a course to the db.
            </summary>
            <param name="course">Course object.</param>
            <returns>Async task.</returns>
        </member>
        <member name="M:Microsoft.Teams.Apps.QBot.Domain.IRepositories.ICourseRepository.UpdateCourseAsync(Microsoft.Teams.Apps.QBot.Domain.Models.Course)">
            <summary>
            Updates course object.
            </summary>
            <param name="course">Course object.</param>
            <returns>Async task.</returns>
        </member>
        <member name="M:Microsoft.Teams.Apps.QBot.Domain.IRepositories.ICourseRepository.DeleteCourseAsync(System.String)">
            <summary>
            Deletes course object.
            </summary>
            <param name="courseId">Course id.</param>
            <returns>Async task.</returns>
        </member>
        <member name="M:Microsoft.Teams.Apps.QBot.Domain.IRepositories.ICourseRepository.GetCourseAsync(System.String)">
            <summary>
            Gets course.
            </summary>
            <param name="courseId">Course id.</param>
            <returns>Course object.</returns>
        </member>
        <member name="M:Microsoft.Teams.Apps.QBot.Domain.IRepositories.ICourseRepository.GetAllCoursesAsync">
            <summary>
            Gets all the courses.
            </summary>
            <returns>List of courses.</returns>
        </member>
        <member name="M:Microsoft.Teams.Apps.QBot.Domain.IRepositories.ICourseRepository.GetAllCoursesForUserAsync(System.String)">
            <summary>
            Gets all the courses user is member of.
            </summary>
            <param name="userId">User id.</param>
            <returns>List of courses.</returns>
        </member>
        <member name="T:Microsoft.Teams.Apps.QBot.Domain.IRepositories.IKnowledgeBaseRepository">
            <summary>
            <see cref="T:Microsoft.Teams.Apps.QBot.Domain.Models.Course"/> repository.
            </summary>
        </member>
        <member name="M:Microsoft.Teams.Apps.QBot.Domain.IRepositories.IKnowledgeBaseRepository.AddKnowledgeBaseAsync(Microsoft.Teams.Apps.QBot.Domain.Models.KnowledgeBase)">
            <summary>
            Adds KB to the db.
            </summary>
            <param name="knowledgeBase">Knowledge base object.</param>
            <returns>Async task.</returns>
        </member>
        <member name="M:Microsoft.Teams.Apps.QBot.Domain.IRepositories.IKnowledgeBaseRepository.UpdateKnowledgeBaseAsync(Microsoft.Teams.Apps.QBot.Domain.Models.KnowledgeBase)">
            <summary>
            Updates KB in the db.
            </summary>
            <param name="knowledgeBase">Updated knowledge base object.</param>
            <returns>Async task.</returns>
        </member>
        <member name="M:Microsoft.Teams.Apps.QBot.Domain.IRepositories.IKnowledgeBaseRepository.DeleteKnowledgeBaseAsync(System.String)">
            <summary>
            Deletes KB from the db.
            </summary>
            <param name="knowledgeBaseId">Knowledge base id.</param>
            <returns>Async task.</returns>
        </member>
        <member name="M:Microsoft.Teams.Apps.QBot.Domain.IRepositories.IKnowledgeBaseRepository.GetKnowledgeBaseAsync(System.String)">
            <summary>
            Gets KB.
            </summary>
            <param name="knowledgeBaseId">Knowledge base id.</param>
            <returns>Knowledge base.</returns>
        </member>
        <member name="M:Microsoft.Teams.Apps.QBot.Domain.IRepositories.IKnowledgeBaseRepository.GetAllKnowledgeBasesAsync">
            <summary>
            Gets all the knowledge bases defined.
            </summary>
            <returns>List of KBs.</returns>
        </member>
        <member name="M:Microsoft.Teams.Apps.QBot.Domain.IRepositories.IKnowledgeBaseRepository.GetAllKnowledgeBasesForUserAsync(System.String)">
            <summary>
            Gets all the knowledge bases where the user is owner.
            </summary>
            <param name="userId">User id.</param>
            <returns>List of KBs.</returns>
        </member>
        <member name="T:Microsoft.Teams.Apps.QBot.Domain.IRepositories.IMemberRepository">
            <summary>
            <see cref="T:Microsoft.Teams.Apps.QBot.Domain.Models.Member"/> repository.
            </summary>
        </member>
        <member name="M:Microsoft.Teams.Apps.QBot.Domain.IRepositories.IMemberRepository.AddCourseMembersAsync(System.String,System.Collections.Generic.IEnumerable{Microsoft.Teams.Apps.QBot.Domain.Models.Member})">
            <summary>
            Adds a list of course members.
            </summary>
            <param name="courseId">Course id.</param>
            <param name="members">List of members.</param>
            <returns>Async task.</returns>
        </member>
        <member name="M:Microsoft.Teams.Apps.QBot.Domain.IRepositories.IMemberRepository.UpdateCourseMemberAsync(System.String,Microsoft.Teams.Apps.QBot.Domain.Models.Member)">
            <summary>
            Updates course members.
            </summary>
            <param name="courseId">Course Id.</param>
            <param name="member">List of membrs/</param>
            <returns>async task.</returns>
        </member>
        <member name="M:Microsoft.Teams.Apps.QBot.Domain.IRepositories.IMemberRepository.RemoveCourseMembersAsync(System.String,System.Collections.Generic.IEnumerable{System.String})">
            <summary>
            Removes course members.
            </summary>
            <param name="courseId">Course id.</param>
            <param name="memberIds">List of member id.</param>
            <returns>async task.</returns>
        </member>
        <member name="M:Microsoft.Teams.Apps.QBot.Domain.IRepositories.IMemberRepository.RemoveTutorialGroupMemberAsync(System.String,System.Collections.Generic.IEnumerable{System.String})">
            <summary>
            Deletes tutorial group members.
            </summary>
            <param name="tutorialGroupId">Tutorial group id.</param>
            <param name="memberIds">Members.</param>
            <returns>Async task.</returns>
        </member>
        <member name="M:Microsoft.Teams.Apps.QBot.Domain.IRepositories.IMemberRepository.GetCourseMembersAsync(System.String)">
            <summary>
            Gets all the members in a course.
            </summary>
            <param name="courseId">Course id.</param>
            <returns>List of members.</returns>
        </member>
        <member name="M:Microsoft.Teams.Apps.QBot.Domain.IRepositories.IMemberRepository.GetCourseMembersAsync(System.String,System.Collections.Generic.IList{Microsoft.Teams.Apps.QBot.Domain.Models.MemberRole})">
            <summary>
            Get course members with specified roles.
            </summary>
            <param name="courseId">Course id.</param>
            <param name="roles">List of roles.</param>
            <returns>List of members.</returns>
        </member>
        <member name="M:Microsoft.Teams.Apps.QBot.Domain.IRepositories.IMemberRepository.GetCourseMemberAsync(System.String,System.String)">
            <summary>
            Gets course member.
            </summary>
            <param name="courseId">Course id.</param>
            <param name="memberId">Member id.</param>
            <returns>Member.</returns>
        </member>
        <member name="M:Microsoft.Teams.Apps.QBot.Domain.IRepositories.IMemberRepository.GetTutorialGroupMembersAsync(System.String)">
            <summary>
            Gets tutorial group membrs.
            </summary>
            <param name="tutorialGroupId">Tutorial group id.</param>
            <returns>List of members.</returns>
        </member>
        <member name="T:Microsoft.Teams.Apps.QBot.Domain.IRepositories.IQuestionRespository">
            <summary>
            <see cref="T:Microsoft.Teams.Apps.QBot.Domain.Models.Question"/> repository.
            </summary>
        </member>
        <member name="M:Microsoft.Teams.Apps.QBot.Domain.IRepositories.IQuestionRespository.AddQuestionAsync(Microsoft.Teams.Apps.QBot.Domain.Models.Question)">
            <summary>
            Add question to DB.
            </summary>
            <param name="question">Question object.</param>
            <returns>Async task.</returns>
        </member>
        <member name="M:Microsoft.Teams.Apps.QBot.Domain.IRepositories.IQuestionRespository.GetQuestionAsync(System.String)">
            <summary>
            Gets question object from DB.
            </summary>
            <param name="questionId">Question id.</param>
            <returns>Question.</returns>
        </member>
        <member name="M:Microsoft.Teams.Apps.QBot.Domain.IRepositories.IQuestionRespository.GetAllQuestionsAsync(System.String)">
            <summary>
            Gets all the questions posted by the user from the DB.
            </summary>
            <param name="userId">User's AAD Id.</param>
            <returns>List of questions asked by the user.</returns>
        </member>
        <member name="M:Microsoft.Teams.Apps.QBot.Domain.IRepositories.IQuestionRespository.GetAllQuestionsAsync(System.String,System.String)">
            <summary>
            Gets all the questions posted in a channel of a course from the DB.
            </summary>
            <param name="courseId">Course id.</param>
            <param name="channelId">Channel Id.</param>
            <returns>List of questions.</returns>
        </member>
        <member name="M:Microsoft.Teams.Apps.QBot.Domain.IRepositories.IQuestionRespository.UpdateQuestionAsync(Microsoft.Teams.Apps.QBot.Domain.Models.Question)">
            <summary>
            Updates question in the DB.
            </summary>
            <param name="question">Updated question object.</param>
            <returns>Async task.</returns>
        </member>
        <member name="M:Microsoft.Teams.Apps.QBot.Domain.IRepositories.IQuestionRespository.DeleteQuestionAsync(System.String)">
            <summary>
            Deletes question from the DB.
            </summary>
            <param name="questionId">Question id.</param>
            <returns>Async task.</returns>
        </member>
        <member name="M:Microsoft.Teams.Apps.QBot.Domain.IRepositories.IQuestionRespository.AddAnswerAsync(Microsoft.Teams.Apps.QBot.Domain.Models.Answer)">
            <summary>
            Adds answer to the DB.
            </summary>
            <param name="answer">Answer object.</param>
            <returns>Async task.</returns>
        </member>
        <member name="T:Microsoft.Teams.Apps.QBot.Domain.IRepositories.ITutorialGroupRepository">
            <summary>
            <see cref="T:Microsoft.Teams.Apps.QBot.Domain.Models.TutorialGroup"/> repository.
            </summary>
        </member>
        <member name="M:Microsoft.Teams.Apps.QBot.Domain.IRepositories.ITutorialGroupRepository.AddTutorialGroupAsync(Microsoft.Teams.Apps.QBot.Domain.Models.TutorialGroup)">
            <summary>
            Affs tutorial group to the DB.
            </summary>
            <param name="tutorialGroup">Tutorial group.</param>
            <returns>Async task.</returns>
        </member>
        <member name="M:Microsoft.Teams.Apps.QBot.Domain.IRepositories.ITutorialGroupRepository.AddTutorialGroupsAsync(System.Collections.Generic.IEnumerable{Microsoft.Teams.Apps.QBot.Domain.Models.TutorialGroup})">
            <summary>
            Adds multiple tutorial groups to the DB.
            </summary>
            <param name="tutorialGroups">List of tutorial groups.</param>
            <returns>Async task.</returns>
        </member>
        <member name="M:Microsoft.Teams.Apps.QBot.Domain.IRepositories.ITutorialGroupRepository.UpdateTutorialGroupAsync(Microsoft.Teams.Apps.QBot.Domain.Models.TutorialGroup)">
            <summary>
            Updates tutorial group.
            </summary>
            <param name="tutorialGroup">updated tutorial group.</param>
            <returns>Async taks.</returns>
        </member>
        <member name="M:Microsoft.Teams.Apps.QBot.Domain.IRepositories.ITutorialGroupRepository.DeleteTutorialGroupAsync(System.String)">
            <summary>
            Deletes tutorial group.
            </summary>
            <param name="tutorialGroupId">Tutorial group id.</param>
            <returns>Async task.</returns>
        </member>
        <member name="M:Microsoft.Teams.Apps.QBot.Domain.IRepositories.ITutorialGroupRepository.GetTutorialGroupAsync(System.String)">
            <summary>
            Gets tutorial group object.
            </summary>
            <param name="tutorialGroupId">Tutorial group id.</param>
            <returns>Tutorial group.</returns>
        </member>
        <member name="M:Microsoft.Teams.Apps.QBot.Domain.IRepositories.ITutorialGroupRepository.GetAllTutorialGroupsAsync(System.String)">
            <summary>
            Gets all tutorial groups in a course.
            </summary>
            <param name="courseId">Course id.</param>
            <returns>List of tutorial groups.</returns>
        </member>
        <member name="T:Microsoft.Teams.Apps.QBot.Domain.IRepositories.IUserRepository">
            <summary>
            User repository interface.
            </summary>
        </member>
        <member name="M:Microsoft.Teams.Apps.QBot.Domain.IRepositories.IUserRepository.AddOrUpdateUserAsync(Microsoft.Teams.Apps.QBot.Domain.Models.User)">
            <summary>
            Adds or updates user model to database.
            </summary>
            <param name="user">User model object.</param>
            <returns>async task.</returns>
        </member>
        <member name="M:Microsoft.Teams.Apps.QBot.Domain.IRepositories.IUserRepository.GetUserAsync(System.String)">
            <summary>
            Gets user profile from the database.
            </summary>
            <param name="userAadId">User's AAD id.</param>
            <returns>User's profile.</returns>
        </member>
        <member name="M:Microsoft.Teams.Apps.QBot.Domain.IRepositories.IUserRepository.GetUsersAsync(System.Collections.Generic.IEnumerable{System.String})">
            <summary>
            Gets users profile from the database.
            If user's profile is not found, it will not be returned.
            </summary>
            <param name="userAadIds">List of user AAD ids.</param>
            <returns>List of user profiles.</returns>
        </member>
        <member name="M:Microsoft.Teams.Apps.QBot.Domain.IRepositories.IUserRepository.GetUsersWithNoCourseAsync">
            <summary>
            Gets list of users who are not part of any course.
            </summary>
            <returns>list of user profiles.</returns>
        </member>
        <member name="M:Microsoft.Teams.Apps.QBot.Domain.IRepositories.IUserRepository.UpdateUserAsync(Microsoft.Teams.Apps.QBot.Domain.Models.User)">
            <summary>
            Updates user profile in the database.
            </summary>
            <param name="updatedUser">Updated user profile.</param>
            <returns>Async tyask.</returns>
        </member>
        <member name="M:Microsoft.Teams.Apps.QBot.Domain.IRepositories.IUserRepository.DeleteUserAsync(System.String)">
            <summary>
            Deletes user profile from the database.
            </summary>
            <param name="userAadId">User id.</param>
            <returns>async task.</returns>
        </member>
        <member name="T:Microsoft.Teams.Apps.QBot.Domain.IServices.IQnAService">
            <summary>
            QnA service contract.
            </summary>
        </member>
        <member name="M:Microsoft.Teams.Apps.QBot.Domain.IServices.IQnAService.GetAnswerAsync(Microsoft.Teams.Apps.QBot.Domain.Models.Question,System.String)">
            <summary>
            Fetched answer from QnA service.
            </summary>
            <param name="question">Question.</param>
            <param name="logicalKnowledgeBaseId">Logical knowledge base id.</param>
            <returns>Suggested Answer.</returns>
        </member>
        <member name="M:Microsoft.Teams.Apps.QBot.Domain.IServices.IQnAService.PostQnAPairAsync(Microsoft.Teams.Apps.QBot.Domain.Models.Question,Microsoft.Teams.Apps.QBot.Domain.Models.Answer,System.String)">
            <summary>
            Posts QnA pair to QnA service.
            </summary>
            <param name="question">Quesiton.</param>
            <param name="answer">Answer.</param>
            <param name="logicalKnowledgeBaseId">Logical knowledge base id.</param>
            <returns>Operation Id.</returns>
        </member>
        <member name="M:Microsoft.Teams.Apps.QBot.Domain.IServices.IQnAService.UpdateQnAPairAsync(Microsoft.Teams.Apps.QBot.Domain.Models.Question,Microsoft.Teams.Apps.QBot.Domain.Models.SuggestedAnswer)">
            <summary>
            Updates an existing QnA Pair with alternate question.
            </summary>
            <param name="question">Quesiton.</param>
            <param name="suggestedAnswer">Suggested answer.</param>
            <returns>A <see cref="T:System.Threading.Tasks.Task"/> representing the asynchronous operation.</returns>
        </member>
        <member name="M:Microsoft.Teams.Apps.QBot.Domain.IServices.IQnAService.PublishKbAsync">
            <summary>
            Publishes all changes in test index of a knowledgebase to its prod index.
            </summary>
            <returns>Async task.</returns>
        </member>
        <member name="T:Microsoft.Teams.Apps.QBot.Domain.IServices.ITeamInfoService">
            <summary>
            Team information service interface.
            </summary>
        </member>
        <member name="M:Microsoft.Teams.Apps.QBot.Domain.IServices.ITeamInfoService.GetTeamOwnersIdsAsync(System.String)">
            <summary>
            Gets a list of team owners.
            </summary>
            <param name="teamAadId">Team's add id.</param>
            <returns>List of team owners AAD Id.</returns>
        </member>
        <member name="M:Microsoft.Teams.Apps.QBot.Domain.IServices.ITeamInfoService.GetTeamPhotoAsync(System.String)">
            <summary>
            Gets Base64 encoded course photo.
            </summary>
            <param name="teamAadId">CourseId</param>
            <returns>Base64 encoded course photo.</returns>
        </member>
        <member name="M:Microsoft.Teams.Apps.QBot.Domain.IServices.ITeamInfoService.GetTeamsPhotoAsync(System.Collections.Generic.IEnumerable{System.String})">
            <summary>
            Gets Base64 encoded team photo list.
            </summary>
            <param name="teamAadIds">teamAadId</param>
            <returns>Base64 encoded course photo dictionary.</returns>
        </member>
        <member name="T:Microsoft.Teams.Apps.QBot.Domain.IServices.ITeamsMessageService">
            <summary>
            Teams Messaging service contract.
            </summary>
        </member>
        <member name="M:Microsoft.Teams.Apps.QBot.Domain.IServices.ITeamsMessageService.GetQuestionMessageAsync(System.String,System.String,System.String)">
            <summary>
            Gets question message.
            </summary>
            <param name="teamId">Team Id (AAD object id).</param>
            <param name="channelId">Channel Id.</param>
            <param name="questionMessageId">Question Message id.</param>
            <returns>Question message.</returns>
        </member>
        <member name="M:Microsoft.Teams.Apps.QBot.Domain.IServices.ITeamsMessageService.GetQuestionsMessageAsync(System.String,System.String,System.Collections.Generic.IEnumerable{System.String})">
            <summary>
            Gets question message for list of questions.
            </summary>
            <param name="teamId">Team Id (AAD object id).</param>
            <param name="channelId">Channel Id.</param>
            <param name="questionsMessageIds">List of question message id.</param>
            <returns>Dictionary of Question message id and message description.</returns>
        </member>
        <member name="M:Microsoft.Teams.Apps.QBot.Domain.IServices.ITeamsMessageService.GetQuestionResponsesAsync(System.String,System.String,System.String)">
            <summary>
            Returns a list of responses to a question.
            </summary>
            <param name="teamId">Team Id (AAD object id).</param>
            <param name="channelId">Channel Id.</param>
            <param name="questionMessageId">Question Message id.</param>
            <returns>A list of responses to a question.</returns>
        </member>
        <member name="M:Microsoft.Teams.Apps.QBot.Domain.IServices.ITeamsMessageService.GetQuestionResponseAsync(System.String,System.String,System.String,System.String)">
            <summary>
            Returns a response to question.
            </summary>
            <param name="teamId">Team Id (AAD object id).</param>
            <param name="channelId">Channel Id.</param>
            <param name="questionMessageId">Question Message id.</param>
            <param name="responseMessageId">Response Message id.</param>
            <returns>A response to a question.</returns>
        </member>
        <member name="M:Microsoft.Teams.Apps.QBot.Domain.IServices.ITeamsMessageService.PostCorrectAnswerAsync(Microsoft.Teams.Apps.QBot.Domain.Models.Question,Microsoft.Teams.Apps.QBot.Domain.Models.Answer,System.Collections.Generic.IEnumerable{Microsoft.Teams.Apps.QBot.Domain.Models.User})">
            <summary>
            Posts correct answer.
            </summary>
            <param name="question">Question.</param>
            <param name="answer">Answer.</param>
            <param name="users">Users profiles.</param>
            <returns>Message id for the posted message.</returns>
        </member>
        <member name="M:Microsoft.Teams.Apps.QBot.Domain.IServices.ITeamsMessageService.PostSelectAnswerAsync(Microsoft.Teams.Apps.QBot.Domain.Models.Question,System.Collections.Generic.IEnumerable{Microsoft.Teams.Apps.QBot.Domain.Models.User})">
            <summary>
            Post select answer response.
            </summary>
            <param name="question">Question.</param>
            <param name="users">Users profiles.</param>
            <returns>Message id for the posted message.</returns>
        </member>
        <member name="M:Microsoft.Teams.Apps.QBot.Domain.IServices.ITeamsMessageService.PostSuggestAnswerAsync(Microsoft.Teams.Apps.QBot.Domain.Models.Question,Microsoft.Teams.Apps.QBot.Domain.Models.SuggestedAnswer)">
            <summary>
            Post "suggest answer" response.
            </summary>
            <param name="question">Question.</param>
            <param name="suggestedAnswer">Suggested Answer.</param>
            <returns>Message id for the posted message.</returns>
        </member>
        <member name="M:Microsoft.Teams.Apps.QBot.Domain.IServices.ITeamsMessageService.UpdateSuggestedAnswerAsync(Microsoft.Teams.Apps.QBot.Domain.Models.Question,Microsoft.Teams.Apps.QBot.Domain.Models.Answer,Microsoft.Teams.Apps.QBot.Domain.Models.User)">
            <summary>
            Updates Bot suggested message when it is deemed not helpful.
            </summary>
            <param name="question">Question.</param>
            <param name="answer">answer.</param>
            <param name="user">User who marked it as not helpful.</param>
            <returns>Task.</returns>
        </member>
        <member name="M:Microsoft.Teams.Apps.QBot.Domain.IServices.ITeamsMessageService.NotifyQuestionAnsweredAsync(Microsoft.Teams.Apps.QBot.Domain.Models.Course,Microsoft.Teams.Apps.QBot.Domain.Models.Channel,Microsoft.Teams.Apps.QBot.Domain.Models.Question,Microsoft.Teams.Apps.QBot.Domain.Models.Answer)">
            <summary>
            Notify question author that the question is answered.
            </summary>
            <param name="course">Course.</param>
            <param name="channel">Channel.</param>
            <param name="question">Question object.</param>
            <param name="answer">Answer object.</param>
            <returns>Async Task.</returns>
        </member>
        <member name="M:Microsoft.Teams.Apps.QBot.Domain.IServices.ITeamsMessageService.NotifyAnsweredAcceptedAsync(Microsoft.Teams.Apps.QBot.Domain.Models.Course,Microsoft.Teams.Apps.QBot.Domain.Models.Channel,Microsoft.Teams.Apps.QBot.Domain.Models.Question,Microsoft.Teams.Apps.QBot.Domain.Models.Answer)">
            <summary>
            Notify answer author that his response was selected as answer.
            </summary>
            <param name="course">Course.</param>
            <param name="channel">Channel.</param>
            <param name="question">Question object.</param>
            <param name="answer">Answer object.</param>
            <returns>Async Task.</returns>
        </member>
        <member name="M:Microsoft.Teams.Apps.QBot.Domain.IServices.ITeamsMessageService.NotifyMemberToSetupCourseAsync(Microsoft.Teams.Apps.QBot.Domain.Models.Course,Microsoft.Teams.Apps.QBot.Domain.Models.Member)">
            <summary>
            Notify a member to set-up course.
            </summary>
            <param name="course">Course.</param>
            <param name="member">Member.</param>
            <returns>Async task.</returns>
        </member>
        <member name="M:Microsoft.Teams.Apps.QBot.Domain.IServices.ITeamsMessageService.UpdateSelectAnswerMessageAsync(Microsoft.Teams.Apps.QBot.Domain.Models.Course,Microsoft.Teams.Apps.QBot.Domain.Models.Channel,Microsoft.Teams.Apps.QBot.Domain.Models.Question,Microsoft.Teams.Apps.QBot.Domain.Models.Answer)">
            <summary>
            Updates select answer message by removing select answer button and a link to answer message.
            </summary>
            <param name="course">Course.</param>
            <param name="channel">Channel.</param>
            <param name="question">Question.</param>
            <param name="answer">Answer.</param>
            <returns>Message id</returns>
        </member>
        <member name="T:Microsoft.Teams.Apps.QBot.Domain.IServices.IUserProfileService">
            <summary>
            User srvice contract.
            </summary>
        </member>
        <member name="M:Microsoft.Teams.Apps.QBot.Domain.IServices.IUserProfileService.GetUserProfileAsync(System.String,System.Boolean)">
            <summary>
            Gets user's profile.
            </summary>
            <param name="userId">User's AAD object id.</param>
            <param name="fetchPhoto">If it should fetch user's photo.</param>
            <returns>User profile.</returns>
        </member>
        <member name="M:Microsoft.Teams.Apps.QBot.Domain.IServices.IUserProfileService.GetUserProfilePicAsync(System.String)">
            <summary>
            Gets user's profile pic.
            </summary>
            <param name="userId">User's AAD id.</param>
            <returns>User's profile pic.</returns>
        </member>
        <member name="T:Microsoft.Teams.Apps.QBot.Domain.KnowledgeBases.IKnowledgeBaseReader">
            <summary>
            KnowledgeBase reader.
            </summary>
        </member>
        <member name="M:Microsoft.Teams.Apps.QBot.Domain.KnowledgeBases.IKnowledgeBaseReader.GetKnowledgeBaseAsync(System.String)">
            <summary>
            Gets Knowledge base.
            </summary>
            <param name="knowledgeBaseId">Knowledge base id.</param>
            <returns>Knowledge base.</returns>
        </member>
        <member name="M:Microsoft.Teams.Apps.QBot.Domain.KnowledgeBases.IKnowledgeBaseReader.GetAllKnowledgeBasesAsync">
            <summary>
            Gets all the knowledge bases.
            </summary>
            <returns>List of KBs.</returns>
        </member>
        <member name="T:Microsoft.Teams.Apps.QBot.Domain.KnowledgeBases.IKnowledgeBaseValidator">
            <summary>
            KnowledgeBase validator.
            </summary>
        </member>
        <member name="M:Microsoft.Teams.Apps.QBot.Domain.KnowledgeBases.IKnowledgeBaseValidator.IsValid(Microsoft.Teams.Apps.QBot.Domain.Models.KnowledgeBase)">
            <summary>
            Validates if KnowledgeBase's properties are valid.
            </summary>
            <param name="knowledgeBase">KB object.</param>
            <returns>true if the kb properties are valid, false otherwise.</returns>
        </member>
        <member name="T:Microsoft.Teams.Apps.QBot.Domain.KnowledgeBases.IKnowledgeBaseWriter">
            <summary>
            KnowledgeBase write interface.
            </summary>
        </member>
        <member name="M:Microsoft.Teams.Apps.QBot.Domain.KnowledgeBases.IKnowledgeBaseWriter.AddKnowledgeBaseAsync(Microsoft.Teams.Apps.QBot.Domain.Models.KnowledgeBase)">
            <summary>
            Adds KB to the db.
            </summary>
            <param name="knowledgeBase">Knowledge base.</param>
            <returns>Async task.</returns>
        </member>
        <member name="M:Microsoft.Teams.Apps.QBot.Domain.KnowledgeBases.IKnowledgeBaseWriter.UpdateKnowledgeBaseAsync(Microsoft.Teams.Apps.QBot.Domain.Models.KnowledgeBase)">
            <summary>
            Updates KB in the db.
            </summary>
            <param name="knowledgeBase">Updated knowledge base.</param>
            <returns>Async task.</returns>
        </member>
        <member name="M:Microsoft.Teams.Apps.QBot.Domain.KnowledgeBases.IKnowledgeBaseWriter.DeleteKnowledgeBaseAsync(System.String)">
            <summary>
            Deletes KB from the db.
            </summary>
            <param name="knowledgeBaseId">Knowledge base id.</param>
            <returns>Async task.</returns>
        </member>
        <member name="T:Microsoft.Teams.Apps.QBot.Domain.KnowledgeBases.KnowledgeBaseReader">
            <summary>
            Knowledge base reader implementation.
            </summary>
        </member>
        <member name="M:Microsoft.Teams.Apps.QBot.Domain.KnowledgeBases.KnowledgeBaseReader.#ctor(Microsoft.Teams.Apps.QBot.Domain.IRepositories.IKnowledgeBaseRepository)">
            <summary>
            Initializes a new instance of the <see cref="T:Microsoft.Teams.Apps.QBot.Domain.KnowledgeBases.KnowledgeBaseReader"/> class.
            </summary>
            <param name="kbRepository">Knowledge base repository.</param>
        </member>
        <member name="M:Microsoft.Teams.Apps.QBot.Domain.KnowledgeBases.KnowledgeBaseReader.GetAllKnowledgeBasesAsync">
            <inheritdoc/>
        </member>
        <member name="M:Microsoft.Teams.Apps.QBot.Domain.KnowledgeBases.KnowledgeBaseReader.GetKnowledgeBaseAsync(System.String)">
            <inheritdoc/>
        </member>
        <member name="T:Microsoft.Teams.Apps.QBot.Domain.KnowledgeBases.KnowledgeBaseValidator">
            <summary>
            KnowledgeBase validator.
            </summary>
        </member>
        <member name="M:Microsoft.Teams.Apps.QBot.Domain.KnowledgeBases.KnowledgeBaseValidator.IsValid(Microsoft.Teams.Apps.QBot.Domain.Models.KnowledgeBase)">
            <inheritdoc/>
        </member>
        <member name="T:Microsoft.Teams.Apps.QBot.Domain.KnowledgeBases.KnowledgeBaseWriter">
            <summary>
            Knowldge base writer implementation.
            </summary>
        </member>
        <member name="M:Microsoft.Teams.Apps.QBot.Domain.KnowledgeBases.KnowledgeBaseWriter.#ctor(Microsoft.Teams.Apps.QBot.Domain.KnowledgeBases.IKnowledgeBaseValidator,Microsoft.Teams.Apps.QBot.Domain.IRepositories.IKnowledgeBaseRepository)">
            <summary>
            Initializes a new instance of the <see cref="T:Microsoft.Teams.Apps.QBot.Domain.KnowledgeBases.KnowledgeBaseWriter"/> class.
            </summary>
            <param name="validator">KB validator.</param>
            <param name="kbRepository">KB repository.</param>
        </member>
        <member name="M:Microsoft.Teams.Apps.QBot.Domain.KnowledgeBases.KnowledgeBaseWriter.AddKnowledgeBaseAsync(Microsoft.Teams.Apps.QBot.Domain.Models.KnowledgeBase)">
            <inheritdoc/>
        </member>
        <member name="M:Microsoft.Teams.Apps.QBot.Domain.KnowledgeBases.KnowledgeBaseWriter.UpdateKnowledgeBaseAsync(Microsoft.Teams.Apps.QBot.Domain.Models.KnowledgeBase)">
            <inheritdoc/>
        </member>
        <member name="M:Microsoft.Teams.Apps.QBot.Domain.KnowledgeBases.KnowledgeBaseWriter.DeleteKnowledgeBaseAsync(System.String)">
            <inheritdoc/>
        </member>
        <member name="T:Microsoft.Teams.Apps.QBot.Domain.Models.Answer">
            <summary>
            Answer model class.
            </summary>
        </member>
        <member name="P:Microsoft.Teams.Apps.QBot.Domain.Models.Answer.Id">
            <summary>
            Gets or sets answer's Id.
            </summary>
        </member>
        <member name="P:Microsoft.Teams.Apps.QBot.Domain.Models.Answer.QuestionId">
            <summary>
            Gets or sets question Id.
            </summary>
        </member>
        <member name="P:Microsoft.Teams.Apps.QBot.Domain.Models.Answer.CourseId">
            <summary>
            Gets or sets course's id where the answer is posted.
            </summary>
        </member>
        <member name="P:Microsoft.Teams.Apps.QBot.Domain.Models.Answer.ChannelId">
            <summary>
            Gets or sets channel's id where the answer is posted.
            </summary>
        </member>
        <member name="P:Microsoft.Teams.Apps.QBot.Domain.Models.Answer.MessageId">
            <summary>
            Gets or sets Teams message id corresponding to the answer.
            </summary>
        </member>
        <member name="P:Microsoft.Teams.Apps.QBot.Domain.Models.Answer.Message">
            <summary>
            Gets or sets message.
            </summary>
        </member>
        <member name="P:Microsoft.Teams.Apps.QBot.Domain.Models.Answer.AuthorId">
            <summary>
            Gets or sets user's Teams Id who posted the answer.
            </summary>
        </member>
        <member name="P:Microsoft.Teams.Apps.QBot.Domain.Models.Answer.AcceptedById">
            <summary>
            Gets or sets user's Team Id who accepted the answer.
            </summary>
        </member>
        <member name="P:Microsoft.Teams.Apps.QBot.Domain.Models.Answer.TimeStamp">
            <summary>
            Gets or sets timestamp when this answer was posted.
            </summary>
        </member>
        <member name="T:Microsoft.Teams.Apps.QBot.Domain.Models.Channel">
            <summary>
            Channel Model class.
            </summary>
        </member>
        <member name="P:Microsoft.Teams.Apps.QBot.Domain.Models.Channel.Id">
            <summary>
            Gets or sets channel's Team Id.
            </summary>
        </member>
        <member name="P:Microsoft.Teams.Apps.QBot.Domain.Models.Channel.Name">
            <summary>
            Gets or sets channel's name.
            </summary>
        </member>
        <member name="P:Microsoft.Teams.Apps.QBot.Domain.Models.Channel.CourseId">
            <summary>
            Gets or sets channel's course id.
            </summary>
        </member>
        <member name="T:Microsoft.Teams.Apps.QBot.Domain.Models.Course">
            <summary>
            The Course model class.
            </summary>
        </member>
        <member name="P:Microsoft.Teams.Apps.QBot.Domain.Models.Course.Id">
            <summary>
            Gets or sets the Id of the Course
            </summary>
        </member>
        <member name="P:Microsoft.Teams.Apps.QBot.Domain.Models.Course.TeamId">
            <summary>
            Gets or sets the Bot Framework id of the Team associated with this Course.
            </summary>
        </member>
        <member name="P:Microsoft.Teams.Apps.QBot.Domain.Models.Course.TeamAadObjectId">
            <summary>
            Gets or sets the Azure Active Directory Id for the Team
            </summary>
        </member>
        <member name="P:Microsoft.Teams.Apps.QBot.Domain.Models.Course.Name">
            <summary>
            Gets or sets Course name.
            </summary>
        </member>
        <member name="P:Microsoft.Teams.Apps.QBot.Domain.Models.Course.ProfilePicUri">
            <summary>
            Gets or sets the course's picture url. Base64 encoded image.
            </summary>
        </member>
        <member name="P:Microsoft.Teams.Apps.QBot.Domain.Models.Course.KnowledgeBaseId">
            <summary>
            Gets or sets knowledge base id for the course.
            </summary>
        </member>
        <member name="P:Microsoft.Teams.Apps.QBot.Domain.Models.Course.HasTutorialGroups">
            <summary>
            Gets or sets a value indicating whether the course has tutorial groups configured or not.
            </summary>
        </member>
        <member name="T:Microsoft.Teams.Apps.QBot.Domain.Models.KnowledgeBase">
            <summary>
            Logical KnowledgeBase model class.
            </summary>
            <remarks>This is a custom KnowledgeBase definition. It does not map to QnA Maker Service Knowledge base.</remarks>
        </member>
        <member name="P:Microsoft.Teams.Apps.QBot.Domain.Models.KnowledgeBase.Id">
            <summary>
            Gets or sets KnowledgeBase's id.
            </summary>
            <remarks>This is an internal Id. This does not map to QnA Maker service knowledge base id.</remarks>
        </member>
        <member name="P:Microsoft.Teams.Apps.QBot.Domain.Models.KnowledgeBase.Name">
            <summary>
            Gets or sets KnowledgeBase's name.
            </summary>
        </member>
        <member name="P:Microsoft.Teams.Apps.QBot.Domain.Models.KnowledgeBase.OwnerUserId">
            <summary>
            Gets or sets the user's AAD Id who owns the knowledge base.
            </summary>
        </member>
        <member name="T:Microsoft.Teams.Apps.QBot.Domain.Models.Member">
            <summary>
            Member model class.
            </summary>
        </member>
        <member name="M:Microsoft.Teams.Apps.QBot.Domain.Models.Member.#ctor">
            <summary>
            Initializes a new instance of the <see cref="T:Microsoft.Teams.Apps.QBot.Domain.Models.Member"/> class.
            </summary>
        </member>
        <member name="P:Microsoft.Teams.Apps.QBot.Domain.Models.Member.TeamId">
            <summary>
            Gets or sets member's Team Id.
            </summary>
        </member>
        <member name="P:Microsoft.Teams.Apps.QBot.Domain.Models.Member.AadId">
            <summary>
            Gets or sets member's AAD Id.
            </summary>
        </member>
        <member name="P:Microsoft.Teams.Apps.QBot.Domain.Models.Member.Name">
            <summary>
            Gets or sets member's name.
            </summary>
        </member>
        <member name="P:Microsoft.Teams.Apps.QBot.Domain.Models.Member.Role">
            <summary>
            Gets or sets member's role.
            </summary>
        </member>
        <member name="P:Microsoft.Teams.Apps.QBot.Domain.Models.Member.Upn">
            <summary>
            Gets or sets the user's principal name.
            </summary>
            <remarks>
            This will almost always be set to the user's organizational email address.
            </remarks>
        </member>
        <member name="P:Microsoft.Teams.Apps.QBot.Domain.Models.Member.TutorialGroupMembership">
            <summary>
            Gets or sets tutorial group membership. List of tutorial group ids.
            </summary>
        </member>
        <member name="T:Microsoft.Teams.Apps.QBot.Domain.Models.MemberRole">
            <summary>
            Defines all the <see cref="T:Microsoft.Teams.Apps.QBot.Domain.Models.Member"/> roles.
            </summary>
        </member>
        <member name="F:Microsoft.Teams.Apps.QBot.Domain.Models.MemberRole.Educator">
            <summary>
            Educator - responsible for a course.
            </summary>
        </member>
        <member name="F:Microsoft.Teams.Apps.QBot.Domain.Models.MemberRole.Tutor">
            <summary>
            Tutor - responsible for a group of students.
            </summary>
        </member>
        <member name="F:Microsoft.Teams.Apps.QBot.Domain.Models.MemberRole.Student">
            <summary>
            Student.
            </summary>
        </member>
        <member name="T:Microsoft.Teams.Apps.QBot.Domain.Models.Question">
            <summary>
            Question model class.
            </summary>
        </member>
        <member name="P:Microsoft.Teams.Apps.QBot.Domain.Models.Question.Id">
            <summary>
            Gets or sets question's Id.
            </summary>
        </member>
        <member name="P:Microsoft.Teams.Apps.QBot.Domain.Models.Question.CourseId">
            <summary>
            Gets or sets course's id where the question is posted.
            </summary>
        </member>
        <member name="P:Microsoft.Teams.Apps.QBot.Domain.Models.Question.ChannelId">
            <summary>
            Gets or sets channel's id where the question is posted.
            </summary>
        </member>
        <member name="P:Microsoft.Teams.Apps.QBot.Domain.Models.Question.MessageId">
            <summary>
            Gets or sets Teams message id corresponding to the question.
            </summary>
        </member>
        <member name="P:Microsoft.Teams.Apps.QBot.Domain.Models.Question.Message">
            <summary>
            Gets or sets question text message.
            </summary>
        </member>
        <member name="P:Microsoft.Teams.Apps.QBot.Domain.Models.Question.AuthorId">
            <summary>
            Gets or sets user's Teams Id who posted the question.
            </summary>
        </member>
        <member name="P:Microsoft.Teams.Apps.QBot.Domain.Models.Question.AnswerId">
            <summary>
            Gets or sets <see cref="T:Microsoft.Teams.Apps.QBot.Domain.Models.Answer"/>'s Id.
            </summary>
        </member>
        <member name="P:Microsoft.Teams.Apps.QBot.Domain.Models.Question.InitialResponseMessageId">
            <summary>
            Gets or sets initial response message id.
            </summary>
        </member>
        <member name="P:Microsoft.Teams.Apps.QBot.Domain.Models.Question.TimeStamp">
            <summary>
            Gets or sets timestamp when this question was posted.
            </summary>
        </member>
        <member name="T:Microsoft.Teams.Apps.QBot.Domain.Models.QuestionResponse">
            <summary>
            Captures a response to a question.
            </summary>
        </member>
        <member name="P:Microsoft.Teams.Apps.QBot.Domain.Models.QuestionResponse.Id">
            <summary>
            Gets or sets Response Id.
            </summary>
        </member>
        <member name="P:Microsoft.Teams.Apps.QBot.Domain.Models.QuestionResponse.QuestionId">
            <summary>
            Gets or sets question's Id.
            </summary>
        </member>
        <member name="P:Microsoft.Teams.Apps.QBot.Domain.Models.QuestionResponse.MessageId">
            <summary>
            Gets or sets Teams message id corresponding to the response.
            </summary>
        </member>
        <member name="P:Microsoft.Teams.Apps.QBot.Domain.Models.QuestionResponse.Message">
            <summary>
            Gets or sets response text.
            TODO(guptaa): define max length.
            </summary>
        </member>
        <member name="P:Microsoft.Teams.Apps.QBot.Domain.Models.QuestionResponse.AuthorId">
            <summary>
            Gets or sets user's Teams Id who posted the response.
            </summary>
        </member>
        <member name="P:Microsoft.Teams.Apps.QBot.Domain.Models.QuestionResponse.TimeStamp">
            <summary>
            Gets or sets timestamp when this response was posted.
            </summary>
        </member>
        <member name="T:Microsoft.Teams.Apps.QBot.Domain.Models.SuggestedAnswer">
            <summary>
            Suggested answer from QnA Service.
            </summary>
        </member>
        <member name="P:Microsoft.Teams.Apps.QBot.Domain.Models.SuggestedAnswer.Id">
            <summary>
            Gets or sets QnA Pair Id.
            </summary>
        </member>
        <member name="P:Microsoft.Teams.Apps.QBot.Domain.Models.SuggestedAnswer.Answer">
            <summary>
            Gets or sets answer.
            </summary>
        </member>
        <member name="P:Microsoft.Teams.Apps.QBot.Domain.Models.SuggestedAnswer.Score">
            <summary>
            Gets or sets confidence score.
            </summary>
        </member>
        <member name="T:Microsoft.Teams.Apps.QBot.Domain.Models.TutorialGroup">
            <summary>
            The Tutorial Group model class.
            </summary>
        </member>
        <member name="P:Microsoft.Teams.Apps.QBot.Domain.Models.TutorialGroup.Id">
            <summary>
            Gets or sets the Id of the Tutorial Group
            </summary>
        </member>
        <member name="P:Microsoft.Teams.Apps.QBot.Domain.Models.TutorialGroup.CourseId">
            <summary>
            Gets or sets the id of the course.
            </summary>
        </member>
        <member name="P:Microsoft.Teams.Apps.QBot.Domain.Models.TutorialGroup.DisplayName">
            <summary>
            Gets or sets the human readable display name for the Tutorial Group.
            </summary>
            <remarks>
            This would be something like "Economics 101 - Morning Precept" that would be recognizable to the students
            and external users.
            </remarks>
        </member>
        <member name="P:Microsoft.Teams.Apps.QBot.Domain.Models.TutorialGroup.ShortCode">
            <summary>
            Gets or sets the user defined id of short code of the tutorial group.
            </summary>
            <remarks>
            This would be something like "ECON101 P01" which is recognizable to the course administrators.
            </remarks>
        </member>
        <member name="T:Microsoft.Teams.Apps.QBot.Domain.Models.User">
            <summary>
            The User model class.
            </summary>
        </member>
        <member name="P:Microsoft.Teams.Apps.QBot.Domain.Models.User.AadId">
            <summary>
            Gets or sets the user's Azure Active Directory Id.
            </summary>
        </member>
        <member name="P:Microsoft.Teams.Apps.QBot.Domain.Models.User.TeamId">
            <summary>
            Gets or sets the user's Bot Framework Id.
            </summary>
        </member>
        <member name="P:Microsoft.Teams.Apps.QBot.Domain.Models.User.Upn">
            <summary>
            Gets or sets the user's principal name.
            </summary>
            <remarks>
            This is almost always the user's organizational email address.
            </remarks>
        </member>
        <member name="P:Microsoft.Teams.Apps.QBot.Domain.Models.User.Name">
            <summary>
            Gets or sets the user's human readable display name.
            </summary>
        </member>
        <member name="P:Microsoft.Teams.Apps.QBot.Domain.Models.User.ProfilePicUrl">
            <summary>
            Gets or sets the user's profile picture url. Base64 encoded image.
            </summary>
        </member>
        <member name="T:Microsoft.Teams.Apps.QBot.Domain.Models.UserConfiguration">
            <summary>
            The User Configuration model class.
            This class contains the user-specific settings and values.
            </summary>
        </member>
        <member name="P:Microsoft.Teams.Apps.QBot.Domain.Models.UserConfiguration.Id">
            <summary>
            Gets or sets the user's Bot Framework Id.
            </summary>
        </member>
        <member name="P:Microsoft.Teams.Apps.QBot.Domain.Models.UserConfiguration.IsAdministrator">
            <summary>
            Gets or sets a value indicating whether the user is a QBot administrator.
            </summary>
            <value>True if the user is a QBot administrator, false otherwise.</value>
        </member>
        <member name="T:Microsoft.Teams.Apps.QBot.Domain.Questions.AnswerValidator">
            <summary>
            Answer validator.
            </summary>
        </member>
        <member name="M:Microsoft.Teams.Apps.QBot.Domain.Questions.AnswerValidator.IsValid(Microsoft.Teams.Apps.QBot.Domain.Models.Answer)">
            <inheritdoc/>
        </member>
        <member name="T:Microsoft.Teams.Apps.QBot.Domain.Questions.IAnswerValidator">
            <summary>
            Answer validator.
            </summary>
        </member>
        <member name="M:Microsoft.Teams.Apps.QBot.Domain.Questions.IAnswerValidator.IsValid(Microsoft.Teams.Apps.QBot.Domain.Models.Answer)">
            <summary>
            Checks if the answer object passed in valid or not.
            </summary>
            <param name="answer">Answer.</param>
            <returns>if the answer object passed in valid or not.</returns>
        </member>
        <member name="T:Microsoft.Teams.Apps.QBot.Domain.Questions.IQBotService">
            <summary>
            QBot Service interface.
            </summary>
        </member>
        <member name="M:Microsoft.Teams.Apps.QBot.Domain.Questions.IQBotService.AddQuestionAsync(Microsoft.Teams.Apps.QBot.Domain.Models.Question)">
            <summary>
            Persists new question.
            </summary>
            <param name="question">Question.</param>
            <returns><see cref="T:Microsoft.Teams.Apps.QBot.Domain.Models.Question"/>.</returns>
        </member>
        <member name="M:Microsoft.Teams.Apps.QBot.Domain.Questions.IQBotService.PostAnswerAsync(Microsoft.Teams.Apps.QBot.Domain.Models.Answer)">
            <summary>
            Posts an answer to a question.
            </summary>
            <param name="answer">Answer object.</param>
            <returns><see cref="T:Microsoft.Teams.Apps.QBot.Domain.Models.Answer"/>.</returns>
        </member>
        <member name="M:Microsoft.Teams.Apps.QBot.Domain.Questions.IQBotService.PostSuggestedAnswerAsync(Microsoft.Teams.Apps.QBot.Domain.Models.Answer,Microsoft.Teams.Apps.QBot.Domain.Models.SuggestedAnswer)">
            <summary>
            Posts Bot suggested answer to a question.
            </summary>
            <param name="answer">Answer object.</param>
            <param name="suggestedAnswer">Suggested answer.</param>
            <returns><see cref="T:Microsoft.Teams.Apps.QBot.Domain.Models.Answer"/></returns>
        </member>
        <member name="M:Microsoft.Teams.Apps.QBot.Domain.Questions.IQBotService.MarkSuggestedAnswerNotHelpfulAsync(Microsoft.Teams.Apps.QBot.Domain.Models.Answer,System.String)">
            <summary>
            Removes Bot suggested answer and updates the message.
            </summary>
            <param name="answer">Answer object.</param>
            <param name="userId">User who marked it as not helpful.</param>
            <returns>A <see cref="T:System.Threading.Tasks.Task"/> representing the asynchronous operation.</returns>
        </member>
        <member name="T:Microsoft.Teams.Apps.QBot.Domain.Questions.IQuestionReader">
            <summary>
            Question reader interface.
            </summary>
        </member>
        <member name="M:Microsoft.Teams.Apps.QBot.Domain.Questions.IQuestionReader.GetQuestionAsync(System.String,System.String,System.String)">
            <summary>
            Gets question from the db.
            </summary>
            <param name="courseId">Course Id.</param>
            <param name="channelId">Channel id.</param>
            <param name="questionId">Question id.</param>
            <returns>Question.</returns>
        </member>
        <member name="M:Microsoft.Teams.Apps.QBot.Domain.Questions.IQuestionReader.GetQuestionResponsesAsync(System.String,System.String,System.String)">
            <summary>
            Gets response to a question.
            </summary>
            <param name="courseId">Course Id.</param>
            <param name="channelId">Channel id.</param>
            <param name="questionId">Question id.</param>
            <returns>List of question responses.</returns>
        </member>
        <member name="M:Microsoft.Teams.Apps.QBot.Domain.Questions.IQuestionReader.GetQuestionResponseAsync(System.String,System.String,System.String,System.String)">
            <summary>
            Gets question response.
            </summary>
            <param name="courseId">Course Id.</param>
            <param name="channelId">Channel id.</param>
            <param name="questionId">Question id.</param>
            <param name="responseMessageId">Response message id.</param>
            <returns>Question response.</returns>
        </member>
        <member name="M:Microsoft.Teams.Apps.QBot.Domain.Questions.IQuestionReader.GetQuestionsAsync(System.String,System.String)">
            <summary>
            Gets all the question asked in a channel of a course.
            </summary>
            <param name="courseId">Course Id.</param>
            <param name="channelId">Channel id.</param>
            <returns>List of questions.</returns>
        </member>
        <member name="M:Microsoft.Teams.Apps.QBot.Domain.Questions.IQuestionReader.GetQuestionsAsync(System.String)">
            <summary>
            Gets all the questions asked by the user.
            </summary>
            <param name="userId">User id.</param>
            <returns>List of questions.</returns>
        </member>
        <member name="T:Microsoft.Teams.Apps.QBot.Domain.Questions.IQuestionValidator">
            <summary>
            Question validator interface.
            </summary>
        </member>
        <member name="M:Microsoft.Teams.Apps.QBot.Domain.Questions.IQuestionValidator.IsValid(Microsoft.Teams.Apps.QBot.Domain.Models.Question)">
            <summary>
            Checks if the question object passed in valid or not.
            </summary>
            <param name="question">Question.</param>
            <returns>if the question object passed in valid or not.</returns>
        </member>
        <member name="T:Microsoft.Teams.Apps.QBot.Domain.Questions.QBotService">
            <summary>
            QBot service.
            </summary>
        </member>
        <member name="M:Microsoft.Teams.Apps.QBot.Domain.Questions.QBotService.#ctor(Microsoft.Teams.Apps.QBot.Domain.Questions.IQuestionValidator,Microsoft.Teams.Apps.QBot.Domain.Questions.IAnswerValidator,Microsoft.Teams.Apps.QBot.Domain.IRepositories.IQuestionRespository,Microsoft.Teams.Apps.QBot.Domain.IServices.ITeamsMessageService,Microsoft.Teams.Apps.QBot.Domain.Courses.ICourseReader,Microsoft.Teams.Apps.QBot.Domain.IServices.IQnAService,Microsoft.Teams.Apps.QBot.Domain.Users.IUserReaderService,Microsoft.Extensions.Logging.ILogger{Microsoft.Teams.Apps.QBot.Domain.Questions.QBotService})">
            <summary>
            Initializes a new instance of the <see cref="T:Microsoft.Teams.Apps.QBot.Domain.Questions.QBotService"/> class.
            </summary>
            <param name="questionValidator">Question validator.</param>
            <param name="answerValidator">Answer validator.</param>
            <param name="questionRespository">Question repository.</param>
            <param name="teamsMessageService">Teams message service.</param>
            <param name="courseReader">Course reader.</param>
            <param name="qnAService">QnA Service.</param>
            <param name="userReaderService">User profile reader  service.</param>
            <param name="logger">Logger.</param>
        </member>
        <member name="M:Microsoft.Teams.Apps.QBot.Domain.Questions.QBotService.AddQuestionAsync(Microsoft.Teams.Apps.QBot.Domain.Models.Question)">
            <inheritdoc/>
        </member>
        <member name="M:Microsoft.Teams.Apps.QBot.Domain.Questions.QBotService.PostAnswerAsync(Microsoft.Teams.Apps.QBot.Domain.Models.Answer)">
            <inheritdoc/>
        </member>
        <member name="M:Microsoft.Teams.Apps.QBot.Domain.Questions.QBotService.MarkSuggestedAnswerNotHelpfulAsync(Microsoft.Teams.Apps.QBot.Domain.Models.Answer,System.String)">
            <inheritdoc/>
        </member>
        <member name="M:Microsoft.Teams.Apps.QBot.Domain.Questions.QBotService.PostSuggestedAnswerAsync(Microsoft.Teams.Apps.QBot.Domain.Models.Answer,Microsoft.Teams.Apps.QBot.Domain.Models.SuggestedAnswer)">
            <inheritdoc/>
        </member>
        <member name="M:Microsoft.Teams.Apps.QBot.Domain.Questions.QBotService.GetQuestionAsync(System.String,System.String,System.String)">
            <inheritdoc/>
        </member>
        <member name="M:Microsoft.Teams.Apps.QBot.Domain.Questions.QBotService.GetQuestionResponsesAsync(System.String,System.String,System.String)">
            <inheritdoc/>
        </member>
        <member name="M:Microsoft.Teams.Apps.QBot.Domain.Questions.QBotService.GetQuestionResponseAsync(System.String,System.String,System.String,System.String)">
            <inheritdoc/>
        </member>
        <member name="M:Microsoft.Teams.Apps.QBot.Domain.Questions.QBotService.GetQuestionsAsync(System.String,System.String)">
            <inheritdoc/>
        </member>
        <member name="M:Microsoft.Teams.Apps.QBot.Domain.Questions.QBotService.GetQuestionsAsync(System.String)">
            <inheritdoc/>
        </member>
        <member name="T:Microsoft.Teams.Apps.QBot.Domain.Questions.QuestionValidator">
            <summary>
            Question validator.
            </summary>
        </member>
        <member name="M:Microsoft.Teams.Apps.QBot.Domain.Questions.QuestionValidator.IsValid(Microsoft.Teams.Apps.QBot.Domain.Models.Question)">
            <inheritdoc/>
        </member>
        <member name="T:Microsoft.Teams.Apps.QBot.Domain.ITutorialGroupSetup">
             <summary>
             Holds operations involed in setting-up a tutorial group.
            
             Includes following:
             1. Updating tutorial group information (Name only).
             2. Managing members in a tutorial group.
             </summary>
        </member>
        <member name="M:Microsoft.Teams.Apps.QBot.Domain.ITutorialGroupSetup.GetTutorialGroupAsync(System.String)">
            <summary>
            Gets tutorial group.
            </summary>
            <param name="tutorialGroupId">Tutorial group id.</param>
            <returns>Tutorial group.</returns>
        </member>
        <member name="M:Microsoft.Teams.Apps.QBot.Domain.ITutorialGroupSetup.GetAllTutorialGroupMembersAsync(System.String)">
            <summary>
            Get all the members in a tutorial group
            </summary>
            <param name="tutorialGroupId">Tutorial group id.</param>
            <returns>List of members.</returns>
        </member>
        <member name="M:Microsoft.Teams.Apps.QBot.Domain.ITutorialGroupSetup.UpdateTutorialGroupAsync(Microsoft.Teams.Apps.QBot.Domain.Models.TutorialGroup)">
             <summary>
             Updates an existing tutorial group.
            
             Note: Only name changes are allowed.
             </summary>
             <param name="tutorialGroup">Updated tutorial group.</param>
             <returns>A <see cref="T:System.Threading.Tasks.Task"/> representing the asynchronous operation.</returns>
        </member>
        <member name="T:Microsoft.Teams.Apps.QBot.Domain.ITutorialGroupValidator">
            <summary>
            <see cref="T:Microsoft.Teams.Apps.QBot.Domain.Models.TutorialGroup"/> validator.
            </summary>
        </member>
        <member name="M:Microsoft.Teams.Apps.QBot.Domain.ITutorialGroupValidator.IsValid(Microsoft.Teams.Apps.QBot.Domain.Models.TutorialGroup)">
            <summary>
            Checks if <see cref="T:Microsoft.Teams.Apps.QBot.Domain.Models.TutorialGroup"/> is valid or not.
            </summary>
            <param name="tutorialGroup">Tutorial group.</param>
            <returns>if <see cref="T:Microsoft.Teams.Apps.QBot.Domain.Models.TutorialGroup"/> is valid or not.</returns>
        </member>
        <member name="T:Microsoft.Teams.Apps.QBot.Domain.TutorialGroupSetup">
            <summary>
            TutorialGroup set-up.
            </summary>
        </member>
        <member name="M:Microsoft.Teams.Apps.QBot.Domain.TutorialGroupSetup.#ctor(Microsoft.Teams.Apps.QBot.Domain.ITutorialGroupValidator,Microsoft.Teams.Apps.QBot.Domain.IRepositories.IMemberRepository,Microsoft.Teams.Apps.QBot.Domain.IRepositories.ITutorialGroupRepository)">
            <summary>
            Initializes a new instance of the <see cref="T:Microsoft.Teams.Apps.QBot.Domain.TutorialGroupSetup"/> class.
            </summary>
            <param name="tutorialGroupValidator">Validator.</param>
            <param name="memberRepository">Member reposiroty.</param>
            <param name="tutorialGroupRepository">Tutorial group repository.</param>
        </member>
        <member name="M:Microsoft.Teams.Apps.QBot.Domain.TutorialGroupSetup.UpdateTutorialGroupAsync(Microsoft.Teams.Apps.QBot.Domain.Models.TutorialGroup)">
            <inheritdoc/>
        </member>
        <member name="M:Microsoft.Teams.Apps.QBot.Domain.TutorialGroupSetup.GetAllTutorialGroupMembersAsync(System.String)">
            <inheritdoc/>
        </member>
        <member name="M:Microsoft.Teams.Apps.QBot.Domain.TutorialGroupSetup.GetTutorialGroupAsync(System.String)">
            <inheritdoc/>
        </member>
        <member name="T:Microsoft.Teams.Apps.QBot.Domain.TutorialGroupValidator">
            <summary>
            <see cref="T:Microsoft.Teams.Apps.QBot.Domain.Models.TutorialGroup"/> validator.
            </summary>
        </member>
        <member name="M:Microsoft.Teams.Apps.QBot.Domain.TutorialGroupValidator.IsValid(Microsoft.Teams.Apps.QBot.Domain.Models.TutorialGroup)">
            <inheritdoc/>
        </member>
        <member name="T:Microsoft.Teams.Apps.QBot.Domain.Users.IUserReaderService">
            <summary>
            User reader service interface.
            </summary>
        </member>
        <member name="M:Microsoft.Teams.Apps.QBot.Domain.Users.IUserReaderService.GetUserAsync(System.String,System.Boolean)">
            <summary>
            Gets user's profile.
            Looks-up in the database, if not found, fetches the profile from MS Graph.
            </summary>
            <param name="userAadId">User's Aad id.</param>
            <param name="fetchProfilePic">If user's profile pic should be fetched.</param>
            <returns>User's profile.</returns>
        </member>
        <member name="M:Microsoft.Teams.Apps.QBot.Domain.Users.IUserReaderService.GetUsersAsync(System.Collections.Generic.IEnumerable{System.String},System.Boolean)">
            <summary>
            Gets list of users.
            Looks-up in the database, if not found, fetches the profile from MS Graph.
            </summary>
            <param name="userAadIds">List of user Aad ids.</param>
            <param name="fetchProfilePic">If user's profile pic should be fetched.</param>
            <returns>List of users.</returns>
        </member>
        <member name="T:Microsoft.Teams.Apps.QBot.Domain.Users.UserReaderService">
            <summary>
            User reader service implementation.
            </summary>
        </member>
        <member name="M:Microsoft.Teams.Apps.QBot.Domain.Users.UserReaderService.#ctor(Microsoft.Teams.Apps.QBot.Domain.IRepositories.IUserRepository,Microsoft.Teams.Apps.QBot.Domain.IServices.IUserProfileService,Microsoft.Extensions.Logging.ILogger{Microsoft.Teams.Apps.QBot.Domain.Users.UserReaderService})">
            <summary>
            Initializes a new instance of the <see cref="T:Microsoft.Teams.Apps.QBot.Domain.Users.UserReaderService"/> class.
            </summary>
            <param name="userRepository">User repository.</param>
            <param name="userProfileService">User profile service.</param>
            <param name="logger">Logger.</param>
        </member>
        <member name="M:Microsoft.Teams.Apps.QBot.Domain.Users.UserReaderService.GetUserAsync(System.String,System.Boolean)">
            <inheritdoc/>
        </member>
        <member name="M:Microsoft.Teams.Apps.QBot.Domain.Users.UserReaderService.GetUsersAsync(System.Collections.Generic.IEnumerable{System.String},System.Boolean)">
            <inheritdoc/>
        </member>
    </members>
</doc>
