<?xml version="1.0"?>
<doc>
    <assembly>
        <name>Microsoft.Teams.Apps.QBot.Web</name>
    </assembly>
    <members>
        <member name="T:Microsoft.Teams.Apps.QBot.Web.Authorization.AdminRoleHandler">
            <summary>
            Admin role handler.
            </summary>
        </member>
        <member name="M:Microsoft.Teams.Apps.QBot.Web.Authorization.AdminRoleHandler.#ctor(Microsoft.Teams.Apps.QBot.Web.Authorization.AuthorizationSettings,Microsoft.Extensions.Logging.ILogger{Microsoft.Teams.Apps.QBot.Web.Authorization.AdminRoleHandler})">
            <summary>
            Initializes a new instance of the <see cref="T:Microsoft.Teams.Apps.QBot.Web.Authorization.AdminRoleHandler"/> class.
            </summary>
            <param name="authorizationSettings">AuthZ settings.</param>
            <param name="logger">Logger.</param>
        </member>
        <member name="M:Microsoft.Teams.Apps.QBot.Web.Authorization.AdminRoleHandler.HandleRequirementAsync(Microsoft.AspNetCore.Authorization.AuthorizationHandlerContext,Microsoft.Teams.Apps.QBot.Web.Authorization.AdminRoleRequirement)">
            <inheritdoc/>
        </member>
        <member name="T:Microsoft.Teams.Apps.QBot.Web.Authorization.AdminRoleRequirement">
            <summary>
            Admin role requirement.
            </summary>
        </member>
        <member name="T:Microsoft.Teams.Apps.QBot.Web.Authorization.AuthorizationExtensions">
            <summary>
            Authorization extensions.
            </summary>
        </member>
        <member name="M:Microsoft.Teams.Apps.QBot.Web.Authorization.AuthorizationExtensions.AddCustomAuthorization(Microsoft.Extensions.DependencyInjection.IServiceCollection,Microsoft.Extensions.Configuration.IConfiguration)">
             <summary>
             Service Collection extension.
            
             Injects authorization logic.
             </summary>
             <param name="services">Servie collection.</param>
             <param name="configuration">Configuration.</param>
             <returns>Service collection.</returns>
        </member>
        <member name="T:Microsoft.Teams.Apps.QBot.Web.Authorization.AuthorizationSettings">
            <summary>
            Authorization settings.
            </summary>
        </member>
        <member name="M:Microsoft.Teams.Apps.QBot.Web.Authorization.AuthorizationSettings.#ctor(System.Collections.Generic.ISet{System.String})">
            <summary>
            Initializes a new instance of the <see cref="T:Microsoft.Teams.Apps.QBot.Web.Authorization.AuthorizationSettings"/> class.
            </summary>
            <param name="adminUpnList">Admin upn list.</param>
        </member>
        <member name="P:Microsoft.Teams.Apps.QBot.Web.Authorization.AuthorizationSettings.AdminUpnList">
            <summary>
            Gets admin upn list.
            </summary>
        </member>
        <member name="T:Microsoft.Teams.Apps.QBot.Web.Authorization.AuthZPolicy">
            <summary>
            Authorization policies.
            </summary>
        </member>
        <member name="F:Microsoft.Teams.Apps.QBot.Web.Authorization.AuthZPolicy.CourseMemberPolicy">
            <summary>
            Authorization policy to authorize all members of a course.
            </summary>
        </member>
        <member name="F:Microsoft.Teams.Apps.QBot.Web.Authorization.AuthZPolicy.CourseManagerPolicy">
            <summary>
            Authorization policy to authorize users who can manage a course.
            </summary>
        </member>
        <member name="F:Microsoft.Teams.Apps.QBot.Web.Authorization.AuthZPolicy.AdminPolicy">
            <summary>
            Authorization policy to authorize admins.
            </summary>
        </member>
        <member name="F:Microsoft.Teams.Apps.QBot.Web.Authorization.AuthZPolicy.UserResourcePolicy">
            <summary>
            Authorization policy to restrict access to user's resources.
            </summary>
        </member>
        <member name="F:Microsoft.Teams.Apps.QBot.Web.Authorization.AuthZPolicy.PostAnswerPolicy">
            <summary>
            Authorization policy to restrict who can post an answer to a question.
            </summary>
        </member>
        <member name="T:Microsoft.Teams.Apps.QBot.Web.Authorization.ClaimsPrincipalExtensions">
            <summary>
            ClaimsPrincipal extensions.
            </summary>
        </member>
        <member name="M:Microsoft.Teams.Apps.QBot.Web.Authorization.ClaimsPrincipalExtensions.GetUserId(System.Security.Claims.ClaimsPrincipal)">
            <summary>
            Gets user oid claim from claimsPrincipal.
            </summary>
            <param name="claimsPrincipal">ClaimsPrincipal.</param>
            <returns>Return user's id.</returns>
        </member>
        <member name="M:Microsoft.Teams.Apps.QBot.Web.Authorization.ClaimsPrincipalExtensions.GetPreferredUserName(System.Security.Claims.ClaimsPrincipal)">
            <summary>
            Gets user's preferred_username claim from claimsPrincipal.
            </summary>
            <param name="claimsPrincipal">ClaimsPrincipal.</param>
            <returns>Return user's upn.</returns>
        </member>
        <member name="T:Microsoft.Teams.Apps.QBot.Web.Authorization.MemberRoleHandler">
            <summary>
            MemberRoleRequirement authorization handler.
            </summary>
        </member>
        <member name="M:Microsoft.Teams.Apps.QBot.Web.Authorization.MemberRoleHandler.#ctor(Microsoft.Teams.Apps.QBot.Domain.Courses.ICourseReader,Microsoft.Teams.Apps.QBot.Web.Authorization.AuthorizationSettings,Microsoft.Extensions.Logging.ILogger{Microsoft.Teams.Apps.QBot.Web.Authorization.MemberRoleHandler})">
            <summary>
            Initializes a new instance of the <see cref="T:Microsoft.Teams.Apps.QBot.Web.Authorization.MemberRoleHandler"/> class.
            </summary>
            <param name="courseReader">Course reader.</param>
            <param name="authorizationSettings">AuthZ settings.</param>
            <param name="logger">Logger.</param>
        </member>
        <member name="M:Microsoft.Teams.Apps.QBot.Web.Authorization.MemberRoleHandler.HandleRequirementAsync(Microsoft.AspNetCore.Authorization.AuthorizationHandlerContext,Microsoft.Teams.Apps.QBot.Web.Authorization.MemberRoleRequirement,Microsoft.Teams.Apps.QBot.Domain.Models.Course)">
            <inheritdoc/>
        </member>
        <member name="T:Microsoft.Teams.Apps.QBot.Web.Authorization.MemberRoleRequirement">
            <summary>
            Authorization requirement - validates member role requirement.
            </summary>
        </member>
        <member name="M:Microsoft.Teams.Apps.QBot.Web.Authorization.MemberRoleRequirement.#ctor(System.Collections.Generic.IList{Microsoft.Teams.Apps.QBot.Domain.Models.MemberRole},System.Boolean)">
            <summary>
            Initializes a new instance of the <see cref="T:Microsoft.Teams.Apps.QBot.Web.Authorization.MemberRoleRequirement"/> class.
            </summary>
            <param name="allowedMemberRoles">List of member roles that meet the requirement.</param>
            <param name="allowAdmins">This is an optional configuration to allow admins.</param>
        </member>
        <member name="P:Microsoft.Teams.Apps.QBot.Web.Authorization.MemberRoleRequirement.AllowedMemberRoles">
            <summary>
            Gets a list of member roles that meet the requirement.
            </summary>
        </member>
        <member name="P:Microsoft.Teams.Apps.QBot.Web.Authorization.MemberRoleRequirement.AllowGlobalAdmins">
            <summary>
            Gets a value indicating whether global admins meet the requirement.
            </summary>
        </member>
        <member name="T:Microsoft.Teams.Apps.QBot.Web.Authorization.PostAnswerHandler">
            <summary>
            Post answer handler.
            </summary>
        </member>
        <member name="M:Microsoft.Teams.Apps.QBot.Web.Authorization.PostAnswerHandler.#ctor(Microsoft.Teams.Apps.QBot.Domain.Courses.ICourseReader,Microsoft.Extensions.Logging.ILogger{Microsoft.Teams.Apps.QBot.Web.Authorization.PostAnswerHandler})">
            <summary>
            Initializes a new instance of the <see cref="T:Microsoft.Teams.Apps.QBot.Web.Authorization.PostAnswerHandler"/> class.
            </summary>
            <param name="courseReader">Course reader.</param>
            <param name="logger">Logger.</param>
        </member>
        <member name="M:Microsoft.Teams.Apps.QBot.Web.Authorization.PostAnswerHandler.HandleRequirementAsync(Microsoft.AspNetCore.Authorization.AuthorizationHandlerContext,Microsoft.Teams.Apps.QBot.Web.Authorization.PostAnswerRequirement,Microsoft.Teams.Apps.QBot.Domain.Models.Question)">
            <inheritdoc/>
        </member>
        <member name="T:Microsoft.Teams.Apps.QBot.Web.Authorization.PostAnswerRequirement">
            <summary>
            Post answer requirement.
            </summary>
        </member>
        <member name="T:Microsoft.Teams.Apps.QBot.Web.Authorization.UserResourceHandler">
            <summary>
            UserResourceRequirement authorization handler.
            </summary>
        </member>
        <member name="M:Microsoft.Teams.Apps.QBot.Web.Authorization.UserResourceHandler.#ctor(Microsoft.Teams.Apps.QBot.Web.Authorization.AuthorizationSettings,Microsoft.Extensions.Logging.ILogger{Microsoft.Teams.Apps.QBot.Web.Authorization.UserResourceHandler})">
            <summary>
            Initializes a new instance of the <see cref="T:Microsoft.Teams.Apps.QBot.Web.Authorization.UserResourceHandler"/> class.
            </summary>
            <param name="authorizationSettings">AuthZ settings.</param>
            <param name="logger">Logger.</param>
        </member>
        <member name="M:Microsoft.Teams.Apps.QBot.Web.Authorization.UserResourceHandler.HandleRequirementAsync(Microsoft.AspNetCore.Authorization.AuthorizationHandlerContext,Microsoft.Teams.Apps.QBot.Web.Authorization.UserResourceRequirement,System.String)">
            <inheritdoc/>
        </member>
        <member name="T:Microsoft.Teams.Apps.QBot.Web.Authorization.UserResourceRequirement">
            <summary>
            User resource requirement.
            </summary>
        </member>
        <member name="T:Microsoft.Teams.Apps.QBot.Web.Bot.AppSettings">
            <summary>
            App Settings.
            </summary>
        </member>
        <member name="P:Microsoft.Teams.Apps.QBot.Web.Bot.AppSettings.BaseUrl">
            <summary>
            Gets or sets App base url.
            </summary>
        </member>
        <member name="P:Microsoft.Teams.Apps.QBot.Web.Bot.AppSettings.GraphAppId">
            <summary>
            Gets or sets App Id.
            </summary>
        </member>
        <member name="P:Microsoft.Teams.Apps.QBot.Web.Bot.AppSettings.TenantId">
            <summary>
            Gets or sets tenant Id.
            </summary>
        </member>
        <member name="P:Microsoft.Teams.Apps.QBot.Web.Bot.AppSettings.BotName">
            <summary>
            Gets or sets bot name.
            </summary>
        </member>
        <member name="P:Microsoft.Teams.Apps.QBot.Web.Bot.AppSettings.BotAppId">
            <summary>
            Gets or sets bot app id.
            </summary>
        </member>
        <member name="P:Microsoft.Teams.Apps.QBot.Web.Bot.AppSettings.BotCertificateName">
            <summary>
            Gets or sets bot app certificate name in keyvault.
            </summary>
        </member>
        <member name="P:Microsoft.Teams.Apps.QBot.Web.Bot.AppSettings.ManifestAppId">
            <summary>
            Gets or sets app id in the manifest.
            </summary>
        </member>
        <member name="T:Microsoft.Teams.Apps.QBot.Web.Bot.BotActivityHandler">
            <summary>
            Teams Bot Activity Handler.
            </summary>
        </member>
        <member name="M:Microsoft.Teams.Apps.QBot.Web.Bot.BotActivityHandler.#ctor(Microsoft.Teams.Apps.QBot.Web.Bot.IQBotTeamInfo,Microsoft.Teams.Apps.QBot.Domain.Courses.ICourseReader,Microsoft.Teams.Apps.QBot.Domain.Courses.ICourseSetup,Microsoft.Teams.Apps.QBot.Domain.Questions.IQBotService,Microsoft.Teams.Apps.QBot.Web.Bot.IUrlProvider,Microsoft.Teams.Apps.QBot.Infrastructure.TeamsService.IMessageFactory,Microsoft.Extensions.Localization.IStringLocalizer{Microsoft.Teams.Apps.QBot.Infrastructure.Strings},Microsoft.Teams.Apps.QBot.Infrastructure.TeamsService.IAppSettings,Microsoft.Extensions.Logging.ILogger{Microsoft.Teams.Apps.QBot.Web.Bot.BotActivityHandler})">
            <summary>
            Initializes a new instance of the <see cref="T:Microsoft.Teams.Apps.QBot.Web.Bot.BotActivityHandler"/> class.
            </summary>
            <param name="qBotTeamInfo">QBot Team info.</param>
            <param name="courseReader">Course reader.</param>
            <param name="courseSetup">Couse setup.</param>
            <param name="qBotService">QBotService.</param>
            <param name="urlProvider">Url Provider.</param>
            <param name="messageFactory">Teams message factory.</param>
            <param name="localizer">Localizer.</param>
            <param name="appSettings">App settings.</param>
            <param name="logger">Logger.</param>
        </member>
        <member name="M:Microsoft.Teams.Apps.QBot.Web.Bot.BotActivityHandler.OnConversationUpdateActivityAsync(Microsoft.Bot.Builder.ITurnContext{Microsoft.Bot.Schema.IConversationUpdateActivity},System.Threading.CancellationToken)">
            <inheritdoc/>
        </member>
        <member name="M:Microsoft.Teams.Apps.QBot.Web.Bot.BotActivityHandler.OnTeamsTaskModuleFetchAsync(Microsoft.Bot.Builder.ITurnContext{Microsoft.Bot.Schema.IInvokeActivity},Microsoft.Bot.Schema.Teams.TaskModuleRequest,System.Threading.CancellationToken)">
            <inheritdoc/>
        </member>
        <member name="M:Microsoft.Teams.Apps.QBot.Web.Bot.BotActivityHandler.OnTeamsMembersAddedAsync(System.Collections.Generic.IList{Microsoft.Bot.Schema.Teams.TeamsChannelAccount},Microsoft.Bot.Schema.Teams.TeamInfo,Microsoft.Bot.Builder.ITurnContext{Microsoft.Bot.Schema.IConversationUpdateActivity},System.Threading.CancellationToken)">
            <inheritdoc/>
        </member>
        <member name="M:Microsoft.Teams.Apps.QBot.Web.Bot.BotActivityHandler.OnTeamsMembersRemovedAsync(System.Collections.Generic.IList{Microsoft.Bot.Schema.Teams.TeamsChannelAccount},Microsoft.Bot.Schema.Teams.TeamInfo,Microsoft.Bot.Builder.ITurnContext{Microsoft.Bot.Schema.IConversationUpdateActivity},System.Threading.CancellationToken)">
            <inheritdoc/>
        </member>
        <member name="M:Microsoft.Teams.Apps.QBot.Web.Bot.BotActivityHandler.OnMessageActivityAsync(Microsoft.Bot.Builder.ITurnContext{Microsoft.Bot.Schema.IMessageActivity},System.Threading.CancellationToken)">
            <inheritdoc/>
        </member>
        <member name="M:Microsoft.Teams.Apps.QBot.Web.Bot.BotActivityHandler.OnTeamsMessagingExtensionFetchTaskAsync(Microsoft.Bot.Builder.ITurnContext{Microsoft.Bot.Schema.IInvokeActivity},Microsoft.Bot.Schema.Teams.MessagingExtensionAction,System.Threading.CancellationToken)">
            <inheritdoc/>
        </member>
        <member name="M:Microsoft.Teams.Apps.QBot.Web.Bot.BotActivityHandler.OnTeamsTeamRenamedAsync(Microsoft.Bot.Schema.Teams.TeamInfo,Microsoft.Bot.Builder.ITurnContext{Microsoft.Bot.Schema.IConversationUpdateActivity},System.Threading.CancellationToken)">
            <inheritdoc/>
        </member>
        <member name="M:Microsoft.Teams.Apps.QBot.Web.Bot.BotActivityHandler.OnTeamsTeamDeletedAsync(Microsoft.Bot.Schema.Teams.TeamInfo,Microsoft.Bot.Builder.ITurnContext{Microsoft.Bot.Schema.IConversationUpdateActivity},System.Threading.CancellationToken)">
            <inheritdoc/>
        </member>
        <member name="M:Microsoft.Teams.Apps.QBot.Web.Bot.BotActivityHandler.OnTeamsTeamHardDeletedAsync(Microsoft.Bot.Schema.Teams.TeamInfo,Microsoft.Bot.Builder.ITurnContext{Microsoft.Bot.Schema.IConversationUpdateActivity},System.Threading.CancellationToken)">
            <inheritdoc/>
        </member>
        <member name="M:Microsoft.Teams.Apps.QBot.Web.Bot.BotActivityHandler.OnTeamsChannelCreatedAsync(Microsoft.Bot.Schema.Teams.ChannelInfo,Microsoft.Bot.Schema.Teams.TeamInfo,Microsoft.Bot.Builder.ITurnContext{Microsoft.Bot.Schema.IConversationUpdateActivity},System.Threading.CancellationToken)">
            <inheritdoc/>
        </member>
        <member name="M:Microsoft.Teams.Apps.QBot.Web.Bot.BotActivityHandler.OnTeamsChannelDeletedAsync(Microsoft.Bot.Schema.Teams.ChannelInfo,Microsoft.Bot.Schema.Teams.TeamInfo,Microsoft.Bot.Builder.ITurnContext{Microsoft.Bot.Schema.IConversationUpdateActivity},System.Threading.CancellationToken)">
            <inheritdoc/>
        </member>
        <member name="M:Microsoft.Teams.Apps.QBot.Web.Bot.BotActivityHandler.OnTeamsChannelRenamedAsync(Microsoft.Bot.Schema.Teams.ChannelInfo,Microsoft.Bot.Schema.Teams.TeamInfo,Microsoft.Bot.Builder.ITurnContext{Microsoft.Bot.Schema.IConversationUpdateActivity},System.Threading.CancellationToken)">
            <inheritdoc/>
        </member>
        <member name="M:Microsoft.Teams.Apps.QBot.Web.Bot.BotActivityHandler.OnTeamsChannelRestoredAsync(Microsoft.Bot.Schema.Teams.ChannelInfo,Microsoft.Bot.Schema.Teams.TeamInfo,Microsoft.Bot.Builder.ITurnContext{Microsoft.Bot.Schema.IConversationUpdateActivity},System.Threading.CancellationToken)">
            <inheritdoc/>
        </member>
        <member name="M:Microsoft.Teams.Apps.QBot.Web.Bot.BotActivityHandler.BotAddedToTeamAsync(Microsoft.Bot.Schema.Teams.TeamInfo,Microsoft.Bot.Builder.ITurnContext{Microsoft.Bot.Schema.IConversationUpdateActivity},System.Threading.CancellationToken)">
            <summary>
            When the bot is added/installed to a new team.
            </summary>
            <param name="teamInfo">The team info object representing the team.</param>
            <param name="turnContext">A strongly-typed context object for this turn.</param>
            <param name="cancellationToken">A cancellation token that can be used by other objects or threads to receive notice of cancellation.</param>
            <returns>A <see cref="T:System.Threading.Tasks.Task"/> representing the asynchronous operation.</returns>
        </member>
        <member name="M:Microsoft.Teams.Apps.QBot.Web.Bot.BotActivityHandler.BotRemovedFromTeamAsync(Microsoft.Bot.Schema.Teams.TeamInfo)">
            <summary>
            When the bot is removed/uninstalled from an existing team.
            </summary>
            <param name="teamInfo">The team info object representing the team.</param>
            <returns>A <see cref="T:System.Threading.Tasks.Task"/> representing the asynchronous operation.</returns>
        </member>
        <member name="M:Microsoft.Teams.Apps.QBot.Web.Bot.BotActivityHandler.TeamsMembersAddedAsync(System.Collections.Generic.IList{Microsoft.Bot.Schema.Teams.TeamsChannelAccount},Microsoft.Bot.Schema.Teams.TeamInfo,Microsoft.Bot.Builder.ITurnContext{Microsoft.Bot.Schema.IConversationUpdateActivity},System.Threading.CancellationToken)">
            <summary>
            New members are added to an existing team where the bot is installed.
            </summary>
            <param name="teamsMembersAdded">A list of all the members added to the channel, as described by the conversation update activity</param>
            <param name="teamInfo">The team info object representing the team.</param>
            <param name="turnContext">A strongly-typed context object for this turn.</param>
            <param name="cancellationToken">A cancellation token that can be used by other objects or threads to receive notice of cancellation.</param>
            <returns>A <see cref="T:System.Threading.Tasks.Task"/> representing the asynchronous operation.</returns>
        </member>
        <member name="M:Microsoft.Teams.Apps.QBot.Web.Bot.BotActivityHandler.TeamsMembersRemovedAsync(System.Collections.Generic.IList{Microsoft.Bot.Schema.Teams.TeamsChannelAccount},Microsoft.Bot.Schema.Teams.TeamInfo,Microsoft.Bot.Builder.ITurnContext{Microsoft.Bot.Schema.IConversationUpdateActivity},System.Threading.CancellationToken)">
            <summary>
            Existing member(s) are removed from a team where the bot is installed.
            </summary>
            <param name="teamsMembersRemoved">A list of all the members added to the channel, as described by the conversation update activity</param>
            <param name="teamInfo">The team info object representing the team.</param>
            <param name="turnContext">A strongly-typed context object for this turn.</param>
            <param name="cancellationToken">A cancellation token that can be used by other objects or threads to receive notice of cancellation.</param>
            <returns>A <see cref="T:System.Threading.Tasks.Task"/> representing the asynchronous operation.</returns>
        </member>
        <member name="T:Microsoft.Teams.Apps.QBot.Web.Bot.BotAuthMiddleware">
            <summary>
            Bot Middleware - authorizes access from MS Teams channel and specified tenant only.
            </summary>
        </member>
        <member name="M:Microsoft.Teams.Apps.QBot.Web.Bot.BotAuthMiddleware.#ctor(Microsoft.Teams.Apps.QBot.Infrastructure.TeamsService.IAppSettings,Microsoft.Teams.Apps.QBot.Infrastructure.Data.Repositories.IAppSettingsRepository,Microsoft.Extensions.Logging.ILogger{Microsoft.Teams.Apps.QBot.Web.Bot.BotAuthMiddleware})">
            <summary>
            Initializes a new instance of the <see cref="T:Microsoft.Teams.Apps.QBot.Web.Bot.BotAuthMiddleware"/> class.
            </summary>
            <param name="appSettings">App Settings.</param>
            <param name="repository">App settings repository.</param>
            <param name="logger">Logger.</param>
        </member>
        <member name="M:Microsoft.Teams.Apps.QBot.Web.Bot.BotAuthMiddleware.OnTurnAsync(Microsoft.Bot.Builder.ITurnContext,Microsoft.Bot.Builder.NextDelegate,System.Threading.CancellationToken)">
            <inheritdoc/>
        </member>
        <member name="T:Microsoft.Teams.Apps.QBot.Web.Bot.BotConstants">
            <summary>
            Bot Constants.
            </summary>
        </member>
        <member name="F:Microsoft.Teams.Apps.QBot.Web.Bot.BotConstants.Channel">
            <summary>
            Conversation type constant for "channel" in a team.
            </summary>
        </member>
        <member name="F:Microsoft.Teams.Apps.QBot.Web.Bot.BotConstants.Personal">
            <summary>
            Conversation type constant for "personal" chat with a user.
            </summary>
        </member>
        <member name="F:Microsoft.Teams.Apps.QBot.Web.Bot.BotConstants.Guest">
            <summary>
            UserRole type constant for "guest" type in a team.
            </summary>
        </member>
        <member name="F:Microsoft.Teams.Apps.QBot.Web.Bot.BotConstants.SelectThisAnswerCommandId">
            <summary>
            Messaging extenion command id to select an answer.
            </summary>
        </member>
        <member name="F:Microsoft.Teams.Apps.QBot.Web.Bot.BotConstants.MessageCommandContext">
            <summary>
            Command context constant for message actions.
            </summary>
        </member>
        <member name="F:Microsoft.Teams.Apps.QBot.Web.Bot.BotConstants.SuggestAnswerActionMessage">
            <summary>
            Suggest Answer action message text.
            </summary>
        </member>
        <member name="F:Microsoft.Teams.Apps.QBot.Web.Bot.BotConstants.HelpfulActionText">
            <summary>
            Helpful action text.
            </summary>
        </member>
        <member name="F:Microsoft.Teams.Apps.QBot.Web.Bot.BotConstants.NotHelpfulActionText">
            <summary>
            Not-Helpful action text.
            </summary>
        </member>
        <member name="T:Microsoft.Teams.Apps.QBot.Web.Bot.BotErrorCodes">
            <summary>
            Bot Error Codes.
            </summary>
        </member>
        <member name="F:Microsoft.Teams.Apps.QBot.Web.Bot.BotErrorCodes.Unknown">
            <summary>
            Unknown error.
            </summary>
        </member>
        <member name="F:Microsoft.Teams.Apps.QBot.Web.Bot.BotErrorCodes.CommandNotSupported">
            <summary>
            Command not supported.
            </summary>
        </member>
        <member name="F:Microsoft.Teams.Apps.QBot.Web.Bot.BotErrorCodes.CommandContextNotSupported">
            <summary>
            Command context not supported.
            </summary>
        </member>
        <member name="F:Microsoft.Teams.Apps.QBot.Web.Bot.BotErrorCodes.CourseNotFound">
            <summary>
            This is expected when QBot app is not installed to a team.
            </summary>
        </member>
        <member name="F:Microsoft.Teams.Apps.QBot.Web.Bot.BotErrorCodes.QuestionNotFound">
            <summary>
            This is expected when question is not cached with the service.
            </summary>
        </member>
        <member name="F:Microsoft.Teams.Apps.QBot.Web.Bot.BotErrorCodes.ForbidenToSelectAnswer">
            <summary>
            This is expected when user is not authorized to select an answer.
            </summary>
        </member>
        <member name="F:Microsoft.Teams.Apps.QBot.Web.Bot.BotErrorCodes.QuestionMarkedAsAnswered">
            <summary>
            This is expected when user tries to answer a question that is already marked as answered.
            </summary>
        </member>
        <member name="T:Microsoft.Teams.Apps.QBot.Web.Bot.BotHttpAdapter">
            <summary>
            Bot Http Adapter.
            </summary>
        </member>
        <member name="M:Microsoft.Teams.Apps.QBot.Web.Bot.BotHttpAdapter.#ctor(Microsoft.Teams.Apps.QBot.Infrastructure.TeamsService.IAppSettings,Microsoft.Bot.Connector.Authentication.ICredentialProvider,Microsoft.Teams.Apps.QBot.Infrastructure.Secrets.ISecretsProvider,Microsoft.Teams.Apps.QBot.Web.Bot.BotAuthMiddleware,Microsoft.Extensions.Logging.ILogger{Microsoft.Teams.Apps.QBot.Web.Bot.BotHttpAdapter})">
            <summary>
            Initializes a new instance of the <see cref="T:Microsoft.Teams.Apps.QBot.Web.Bot.BotHttpAdapter"/> class.
            </summary>
            <param name="appSettings">App settings.</param>
            <param name="credentialProvider">Cred provider.</param>
            <param name="secretsProvider">Secrets provider..</param>
            <param name="middleWare">Auth middleware.</param>
            <param name="logger">Logger.</param>
        </member>
        <member name="M:Microsoft.Teams.Apps.QBot.Web.Bot.BotHttpAdapter.BuildCredentialsAsync(System.String,System.String)">
            <inheritdoc/>
        </member>
        <member name="T:Microsoft.Teams.Apps.QBot.Web.Bot.BotLocalizationCultureProvider">
            <summary>
            The BotLocalizationCultureProvider is responsible for implementing the <see cref="T:Microsoft.AspNetCore.Localization.IRequestCultureProvider"/> for Bot Activities
            received from BotFramework.
            </summary>
        </member>
        <member name="M:Microsoft.Teams.Apps.QBot.Web.Bot.BotLocalizationCultureProvider.DetermineProviderCultureResult(Microsoft.AspNetCore.Http.HttpContext)">
            <summary>
            Get the culture of the current request.
            </summary>
            <param name="httpContext">The current request.</param>
            <returns>A Task resolving to the culture info if found, null otherwise.</returns>
        </member>
        <member name="T:Microsoft.Teams.Apps.QBot.Web.Bot.IQBotTeamInfo">
            <summary>
            Defines contract to read QBot models from teams bot events
            </summary>
        </member>
        <member name="M:Microsoft.Teams.Apps.QBot.Web.Bot.IQBotTeamInfo.GetCourseAsync(Microsoft.Bot.Schema.Teams.TeamInfo,Microsoft.Bot.Builder.ITurnContext,System.Threading.CancellationToken)">
            <summary>
            Gets <see cref="T:Microsoft.Teams.Apps.QBot.Domain.Models.Course"/> from teamInfo.
            </summary>
            <param name="teamInfo">The team info object representing the team.</param>
            <param name="turnContext">A strongly-typed context object for this turn.</param>
            <param name="cancellationToken">A cancellation token that can be used by other objects or threads to receive notice of cancellation.</param>
            <returns>A <see cref="T:System.Threading.Tasks.Task"/> representing the asynchronous operation.</returns>
        </member>
        <member name="M:Microsoft.Teams.Apps.QBot.Web.Bot.IQBotTeamInfo.GetChannelsAsync(Microsoft.Bot.Schema.Teams.TeamInfo,Microsoft.Bot.Builder.ITurnContext,System.Threading.CancellationToken)">
            <summary>
            Gets a list of <see cref="T:Microsoft.Teams.Apps.QBot.Domain.Models.Channel"/> in the course.
            </summary>
            <param name="teamInfo">The team info object representing the team.</param>
            <param name="turnContext">A strongly-typed context object for this turn.</param>
            <param name="cancellationToken">A cancellation token that can be used by other objects or threads to receive notice of cancellation.</param>
            <returns>A <see cref="T:System.Threading.Tasks.Task"/> representing the asynchronous operation.</returns>
        </member>
        <member name="M:Microsoft.Teams.Apps.QBot.Web.Bot.IQBotTeamInfo.GetCourseMembersAsync(Microsoft.Bot.Schema.Teams.TeamInfo,Microsoft.Bot.Builder.ITurnContext,System.Threading.CancellationToken)">
            <summary>
            Gets a list of <see cref="T:Microsoft.Teams.Apps.QBot.Domain.Models.Member"/> in the course.
            </summary>
            <param name="teamInfo">The team info object representing the team.</param>
            <param name="turnContext">A strongly-typed context object for this turn.</param>
            <param name="cancellationToken">A cancellation token that can be used by other objects or threads to receive notice of cancellation.</param>
            <returns>A <see cref="T:System.Threading.Tasks.Task"/> representing the asynchronous operation.</returns>
        </member>
        <member name="M:Microsoft.Teams.Apps.QBot.Web.Bot.IQBotTeamInfo.GetQuestionAsync(Microsoft.Bot.Schema.Teams.TeamInfo,Microsoft.Bot.Builder.ITurnContext{Microsoft.Bot.Schema.IMessageActivity},System.Threading.CancellationToken)">
            <summary>
            Prepares <see cref="T:Microsoft.Teams.Apps.QBot.Domain.Models.Question"/> from the message acitivity.
            </summary>
            <param name="teamInfo">The team info object representing the team.</param>
            <param name="turnContext">A strongly-typed context object for this turn.</param>
            <param name="cancellationToken">A cancellation token that can be used by other objects or threads to receive notice of cancellation.</param>
            <returns><see cref="T:Microsoft.Teams.Apps.QBot.Domain.Models.Question"/>.</returns>
        </member>
        <member name="M:Microsoft.Teams.Apps.QBot.Web.Bot.IQBotTeamInfo.ConvertToCourseMembers(System.Collections.Generic.IList{Microsoft.Bot.Schema.Teams.TeamsChannelAccount},Microsoft.Bot.Schema.Teams.TeamInfo,Microsoft.Bot.Builder.ITurnContext,System.Threading.CancellationToken)">
            <summary>
            Converts to a list of <see cref="T:Microsoft.Teams.Apps.QBot.Domain.Models.Member"/>.
            </summary>
            <param name="teamsMembers">A list of team members.</param>
            <param name="teamInfo">The team info object representing the team.</param>
            <param name="turnContext">A strongly-typed context object for this turn.</param>
            <param name="cancellationToken">A cancellation token that can be used by other objects or threads to receive notice of cancellation.</param>
            <returns>A list of <see cref="T:Microsoft.Teams.Apps.QBot.Domain.Models.Member"/>.</returns>
        </member>
        <member name="M:Microsoft.Teams.Apps.QBot.Web.Bot.IQBotTeamInfo.ConvertToChannel(Microsoft.Bot.Schema.Teams.ChannelInfo,Microsoft.Bot.Schema.Teams.TeamInfo)">
            <summary>
            Converts <see cref="T:Microsoft.Bot.Schema.Teams.TeamsChannelAccount"/> to <see cref="T:Microsoft.Teams.Apps.QBot.Domain.Models.Channel"/>.
            </summary>
            <param name="channelInfo">Channel info.</param>
            <param name="teamInfo">The team info object representing the team.</param>
            <returns>Channel.</returns>
        </member>
        <member name="T:Microsoft.Teams.Apps.QBot.Web.Bot.IUrlProvider">
            <summary>
            Url Provider contract.
            </summary>
        </member>
        <member name="M:Microsoft.Teams.Apps.QBot.Web.Bot.IUrlProvider.GetSelectAnswerPageUrlAsync(System.String,System.String,System.String)">
            <summary>
            Returns select answer page url.
            </summary>
            <param name="courseId">Course Id.</param>
            <param name="channelId">Channel Id.</param>
            <param name="questionId">Question Id.</param>
            <returns>Select answer page url.</returns>
        </member>
        <member name="M:Microsoft.Teams.Apps.QBot.Web.Bot.IUrlProvider.GetSelectThisAnswerPageUrlAsync(System.String,System.String,System.String,System.String)">
            <summary>
            Returns select a specific message as answer page url.
            </summary>
            <param name="courseId">Course Id.</param>
            <param name="channelId">Channel Id.</param>
            <param name="questionId">Question Id.</param>
            <param name="selectedMessageId">Selected message Id.</param>
            <returns>Select a specific message as answer page url.</returns>
        </member>
        <member name="M:Microsoft.Teams.Apps.QBot.Web.Bot.IUrlProvider.GetErrorPageUrlAsync(System.String)">
            <summary>
            Returns error page url for the given error code.
            </summary>
            <param name="errorCode">Error code.</param>
            <returns>Error page url.</returns>
        </member>
        <member name="T:Microsoft.Teams.Apps.QBot.Web.Bot.QBotTeamInfo">
            <summary>
            Fetches <see cref="T:Microsoft.Teams.Apps.QBot.Domain.Models.Course"/>, <see cref="T:Microsoft.Teams.Apps.QBot.Domain.Models.Channel"/> and <see cref="T:Microsoft.Teams.Apps.QBot.Domain.Models.Member"/> information from Teams Models.
            </summary>
        </member>
        <member name="M:Microsoft.Teams.Apps.QBot.Web.Bot.QBotTeamInfo.#ctor(Microsoft.Teams.Apps.QBot.Domain.IServices.ITeamInfoService,Microsoft.Extensions.Localization.IStringLocalizer{Microsoft.Teams.Apps.QBot.Infrastructure.Strings})">
            <summary>
            Initializes a new instance of the <see cref="T:Microsoft.Teams.Apps.QBot.Web.Bot.QBotTeamInfo"/> class.
            </summary>
            <param name="teamInfoService">Team info service.</param>
            <param name="localizer">Lozalizer.</param>
        </member>
        <member name="M:Microsoft.Teams.Apps.QBot.Web.Bot.QBotTeamInfo.GetCourseAsync(Microsoft.Bot.Schema.Teams.TeamInfo,Microsoft.Bot.Builder.ITurnContext,System.Threading.CancellationToken)">
            <inheritdoc/>
        </member>
        <member name="M:Microsoft.Teams.Apps.QBot.Web.Bot.QBotTeamInfo.GetChannelsAsync(Microsoft.Bot.Schema.Teams.TeamInfo,Microsoft.Bot.Builder.ITurnContext,System.Threading.CancellationToken)">
            <inheritdoc/>
        </member>
        <member name="M:Microsoft.Teams.Apps.QBot.Web.Bot.QBotTeamInfo.GetCourseMembersAsync(Microsoft.Bot.Schema.Teams.TeamInfo,Microsoft.Bot.Builder.ITurnContext,System.Threading.CancellationToken)">
            <inheritdoc/>
        </member>
        <member name="M:Microsoft.Teams.Apps.QBot.Web.Bot.QBotTeamInfo.ConvertToCourseMembers(System.Collections.Generic.IList{Microsoft.Bot.Schema.Teams.TeamsChannelAccount},Microsoft.Bot.Schema.Teams.TeamInfo,Microsoft.Bot.Builder.ITurnContext,System.Threading.CancellationToken)">
            <inheritdoc/>
        </member>
        <member name="M:Microsoft.Teams.Apps.QBot.Web.Bot.QBotTeamInfo.ConvertToChannel(Microsoft.Bot.Schema.Teams.ChannelInfo,Microsoft.Bot.Schema.Teams.TeamInfo)">
            <inheritdoc/>
        </member>
        <member name="M:Microsoft.Teams.Apps.QBot.Web.Bot.QBotTeamInfo.GetQuestionAsync(Microsoft.Bot.Schema.Teams.TeamInfo,Microsoft.Bot.Builder.ITurnContext{Microsoft.Bot.Schema.IMessageActivity},System.Threading.CancellationToken)">
            <inheritdoc/>
        </member>
        <member name="T:Microsoft.Teams.Apps.QBot.Web.Bot.UrlProvider">
            <summary>
            Url Provider implementation.
            </summary>
        </member>
        <member name="F:Microsoft.Teams.Apps.QBot.Web.Bot.UrlProvider.SelectAnswerUrlFormat">
            <summary>
            Select an answer page url format.
            {0} - base url.
            {1} - course Id.
            {2} - channel Id.
            {3} - question Id.
            </summary>
        </member>
        <member name="F:Microsoft.Teams.Apps.QBot.Web.Bot.UrlProvider.SelectThisAnswerUrlFormat">
            <summary>
            Select an answer page url format.
            {0} - base url.
            {1} - course Id.
            {2} - channel Id.
            {3} - question Id.
            {4} - selectedMessageId.
            </summary>
        </member>
        <member name="F:Microsoft.Teams.Apps.QBot.Web.Bot.UrlProvider.ErrorPageUrlFormat">
            <summary>
            Error page url format.
            {0} - base url.
            {1} - error code.
            </summary>
        </member>
        <member name="M:Microsoft.Teams.Apps.QBot.Web.Bot.UrlProvider.#ctor(Microsoft.Teams.Apps.QBot.Infrastructure.TeamsService.IAppSettings)">
            <summary>
            Initializes a new instance of the <see cref="T:Microsoft.Teams.Apps.QBot.Web.Bot.UrlProvider"/> class.
            </summary>
            <param name="appSettings">App Settings.</param>
        </member>
        <member name="M:Microsoft.Teams.Apps.QBot.Web.Bot.UrlProvider.GetErrorPageUrlAsync(System.String)">
            <inheritdoc/>
        </member>
        <member name="M:Microsoft.Teams.Apps.QBot.Web.Bot.UrlProvider.GetSelectAnswerPageUrlAsync(System.String,System.String,System.String)">
            <inheritdoc/>
        </member>
        <member name="M:Microsoft.Teams.Apps.QBot.Web.Bot.UrlProvider.GetSelectThisAnswerPageUrlAsync(System.String,System.String,System.String,System.String)">
            <inheritdoc/>
        </member>
        <member name="T:Microsoft.Teams.Apps.QBot.Web.Bot.BotController">
            <summary>
            The BotController is reponsible for connecting the Asp.Net MVC pipeline to the <see cref="T:Microsoft.Bot.Builder.Integration.AspNet.Core.IBotFrameworkHttpAdapter" />
            and the underlying activity handler (<see cref="T:Microsoft.Bot.Builder.IBot" />).
            </summary>
        </member>
        <member name="M:Microsoft.Teams.Apps.QBot.Web.Bot.BotController.#ctor(Microsoft.Bot.Builder.Integration.AspNet.Core.BotFrameworkHttpAdapter,Microsoft.Bot.Builder.IBot)">
            <summary>
            Initializes a new instance of the <see cref="T:Microsoft.Teams.Apps.QBot.Web.Bot.BotController"/> class.
            </summary>
            <param name="adapter">The BotFramework adapter.</param>
            <param name="activityHandler">The underlying activity handler.</param>
        </member>
        <member name="M:Microsoft.Teams.Apps.QBot.Web.Bot.BotController.PostAsync(System.Threading.CancellationToken)">
            <summary>
            Handle inbound messages from the BotFramework service.
            </summary>
            <param name="cancellationToken">The cancellation token for the underlying request.</param>
            <returns>A Task that resolves when the message is processed.</returns>
        </member>
        <member name="T:Microsoft.Teams.Apps.QBot.Web.Bot.SpaConfigurationController">
             <summary>
             The SpaConfigurationController is responsible for serving the site-specific config for the qbot single-page application
             </summary>
             <remarks>
             This is not nested under the "api" since this is coupled with the single-page-app and not the api surface.
            
             TODO(nibeauli): Add ETag and caching capabilities to this API.
             </remarks>
        </member>
        <member name="M:Microsoft.Teams.Apps.QBot.Web.Bot.SpaConfigurationController.#ctor(Microsoft.Extensions.Options.IOptions{Microsoft.Teams.Apps.QBot.Web.SpaHost.SpaHostConfiguration})">
            <summary>
            Initializes a new instance of the <see cref="T:Microsoft.Teams.Apps.QBot.Web.Bot.SpaConfigurationController"/> class.
            </summary>
            <param name="options">The single-page-app options </param>
        </member>
        <member name="M:Microsoft.Teams.Apps.QBot.Web.Bot.SpaConfigurationController.Get">
            <summary>
            Get the configuration for the QBot single-page-app.
            </summary>
            <returns>The QBot SPA configuration</returns>
        </member>
        <member name="T:Microsoft.Teams.Apps.QBot.Web.Controllers.CoursesController">
            <summary>
            <see cref="T:Microsoft.Teams.Apps.QBot.Domain.Models.Course"/> APIs.
            </summary>
        </member>
        <member name="M:Microsoft.Teams.Apps.QBot.Web.Controllers.CoursesController.#ctor(Microsoft.Extensions.Logging.ILogger{Microsoft.Teams.Apps.QBot.Web.Controllers.CoursesController},Microsoft.Teams.Apps.QBot.Domain.Courses.ICourseReader,Microsoft.Teams.Apps.QBot.Domain.Courses.ICourseSetup,Microsoft.Teams.Apps.QBot.Domain.Questions.IQuestionReader,Microsoft.Teams.Apps.QBot.Domain.Questions.IQBotService,Microsoft.AspNetCore.Authorization.IAuthorizationService)">
            <summary>
            Initializes a new instance of the <see cref="T:Microsoft.Teams.Apps.QBot.Web.Controllers.CoursesController"/> class.
            </summary>
            <param name="logger">Logger.</param>
            <param name="courseReader">CourseReader.</param>
            <param name="courseSetup">Course setup.</param>
            <param name="questionReader">Question reader.</param>
            <param name="qBotService">QBot Service.</param>
            <param name="authorizationService">AuthZ service.</param>
        </member>
        <member name="M:Microsoft.Teams.Apps.QBot.Web.Controllers.CoursesController.GetCourseAsync(System.String)">
             <summary>
             GET api/courses/id
            
             Gets the course for the id passed.
             </summary>
             <param name="id">Course id.</param>
             <returns><see cref="T:Microsoft.Teams.Apps.QBot.Domain.Models.Course"/>.</returns>
        </member>
        <member name="M:Microsoft.Teams.Apps.QBot.Web.Controllers.CoursesController.GetAllCoursesAsync">
             <summary>
             GET api/courses
            
             Gets all the courses.
             </summary>
             <returns>List of all the courses.</returns>
        </member>
        <member name="M:Microsoft.Teams.Apps.QBot.Web.Controllers.CoursesController.PutCourseAsync(System.String,Microsoft.Teams.Apps.QBot.Domain.Models.Course)">
             <summary>
             PUT api/courses/id.
            
             Update a course.
             </summary>
             <param name="id">courseId</param>
             <param name="updatedCourse">updated object.</param>
             <returns>A <see cref="T:System.Threading.Tasks.Task"/> representing the asynchronous operation.</returns>
        </member>
        <member name="M:Microsoft.Teams.Apps.QBot.Web.Controllers.CoursesController.GetAllMembersAsync(System.String)">
             <summary>
             GET api/courses/{courseId}/members
            
             Gets all the members in the course.
             </summary>
             <param name="courseId">Course's id.</param>
             <returns><see cref="T:Microsoft.Teams.Apps.QBot.Domain.Models.Member"/>.</returns>
        </member>
        <member name="M:Microsoft.Teams.Apps.QBot.Web.Controllers.CoursesController.GetMemberAsync(System.String,System.String)">
             <summary>
             GET api/courses/{courseId}/members/memberId
            
             Gets a member in the course.
             </summary>
             <param name="courseId">Course's id.</param>
             <param name="memberId">Member's id.</param>
             <returns><see cref="T:Microsoft.Teams.Apps.QBot.Domain.Models.Member"/>.</returns>
        </member>
        <member name="M:Microsoft.Teams.Apps.QBot.Web.Controllers.CoursesController.UpdateCourseMemberAsync(System.String,System.String,Microsoft.Teams.Apps.QBot.Domain.Models.Member)">
             <summary>
             PUT api/courses/{courseId}/members/memberId
            
             Updates course member's:
             - Tutorial group membership.
             - Role
             </summary>
             <param name="courseId">Course id.</param>
             <param name="memberId">Member's id.</param>
             <param name="member">Updated member object.</param>
             <returns>Async task.</returns>
        </member>
        <member name="M:Microsoft.Teams.Apps.QBot.Web.Controllers.CoursesController.GetAllChannelsAsync(System.String)">
             <summary>
             GET api/courses/{courseId}/channels
            
             Gets all the channels in the course.
             </summary>
             <param name="courseId">Course's id.</param>
             <returns><see cref="T:Microsoft.Teams.Apps.QBot.Domain.Models.Channel"/>.</returns>
        </member>
        <member name="M:Microsoft.Teams.Apps.QBot.Web.Controllers.CoursesController.GetChannelQuestionAsync(System.String,System.String,System.String)">
             <summary>
             GET api/courses/{courseid}/channels/{channelid}/questions/{questionId}
            
             Gets the question.
             </summary>
             <param name="courseId">Course Id.</param>
             <param name="channelId">Channel Id.</param>
             <param name="questionId">Question Id.</param>
             <returns><see cref="T:Microsoft.Teams.Apps.QBot.Domain.Models.Question"/>.</returns>
        </member>
        <member name="M:Microsoft.Teams.Apps.QBot.Web.Controllers.CoursesController.GetAllChannelQuestionsAsync(System.String,System.String)">
             <summary>
             GET api/courses/{courseid}/channels/{channelid}/questions
            
             Gets all the questions asked in the course's channel.
             </summary>
             <param name="courseId">Course's id.</param>
             <param name="channelId">Channel's id.</param>
             <returns><see cref="T:Microsoft.Teams.Apps.QBot.Domain.Models.Question"/>.</returns>
        </member>
        <member name="M:Microsoft.Teams.Apps.QBot.Web.Controllers.CoursesController.GetQuestionResponsesAsync(System.String,System.String,System.String)">
             <summary>
             GET api/courses/{courseid}/channels/{channelid}/questions/{questionId}/responses
            
             Gets all the responses to the question.
             </summary>
             <param name="courseId">Course Id.</param>
             <param name="channelId">Channel Id.</param>
             <param name="questionId">Question Id.</param>
             <returns><see cref="T:Microsoft.Teams.Apps.QBot.Domain.Models.QuestionResponse"/>.</returns>
        </member>
        <member name="M:Microsoft.Teams.Apps.QBot.Web.Controllers.CoursesController.GetQuestionResponseAsync(System.String,System.String,System.String,System.String)">
             <summary>
             GET api/courses/{courseid}/channels/{channelid}/questions/{questionId}/responses/{responseId}
            
             Gets the response to the question.
             </summary>
             <param name="courseId">Course Id.</param>
             <param name="channelId">Channel Id.</param>
             <param name="questionId">Question Id.</param>
             <param name="responseId">Response Id.</param>
             <returns><see cref="T:Microsoft.Teams.Apps.QBot.Domain.Models.QuestionResponse"/>.</returns>
        </member>
        <member name="M:Microsoft.Teams.Apps.QBot.Web.Controllers.CoursesController.PostAnswerAsync(System.String,System.String,System.String,Microsoft.Teams.Apps.QBot.Domain.Models.Answer)">
             <summary>
             POST api/courses/{courseid}/channels/{channelid}/questions/{questionId}/answer
            
             Post answer to a question.
             </summary>
             <param name="courseId">Course Id.</param>
             <param name="channelId">Channel Id.</param>
             <param name="questionId">Question Id.</param>
             <param name="answer">Answer object.</param>
             <returns><see cref="T:Microsoft.Teams.Apps.QBot.Domain.Models.Answer"/>.</returns>
        </member>
        <member name="M:Microsoft.Teams.Apps.QBot.Web.Controllers.CoursesController.GetAllTutorialGroupsAsync(System.String)">
             <summary>
             GET api/courses/{courseid}/tutorialgroups.
            
             Gets all the tutorial groups in the course.
             </summary>
             <param name="courseId">Course's Id.</param>
             <returns>List of <see cref="T:Microsoft.Teams.Apps.QBot.Domain.Models.TutorialGroup"/>.</returns>
        </member>
        <member name="T:Microsoft.Teams.Apps.QBot.Web.Controllers.KnowledgeBasesController">
            <summary>
            <see cref="T:Microsoft.Teams.Apps.QBot.Domain.Models.KnowledgeBase"/> APIs.
            </summary>
        </member>
        <member name="M:Microsoft.Teams.Apps.QBot.Web.Controllers.KnowledgeBasesController.#ctor(Microsoft.Teams.Apps.QBot.Domain.KnowledgeBases.IKnowledgeBaseReader,Microsoft.Teams.Apps.QBot.Domain.KnowledgeBases.IKnowledgeBaseWriter,Microsoft.AspNetCore.Authorization.IAuthorizationService)">
            <summary>
            Initializes a new instance of the <see cref="T:Microsoft.Teams.Apps.QBot.Web.Controllers.KnowledgeBasesController"/> class.
            </summary>
            <param name="kbReader">The knowledge base reader.</param>
            <param name="kbWriter">The knowledge base writer.</param>
            <param name="authorizationService">AuthZ service.</param>
        </member>
        <member name="M:Microsoft.Teams.Apps.QBot.Web.Controllers.KnowledgeBasesController.GetAllAsync">
             <summary>
             GET api/knowledgebases
            
             Gets all the knowledgebases.
             </summary>
             <returns>List of <see cref="T:Microsoft.Teams.Apps.QBot.Domain.Models.KnowledgeBase"/>.</returns>
        </member>
        <member name="M:Microsoft.Teams.Apps.QBot.Web.Controllers.KnowledgeBasesController.GetKnowledgeBaseAsync(System.String)">
             <summary>
             GET api/knowledgebases/{id}
            
             Gets the knowledge base.
             </summary>
             <param name="id">KnowledgeBase's id.</param>
             <returns><see cref="T:Microsoft.Teams.Apps.QBot.Domain.Models.KnowledgeBase"/>.</returns>
        </member>
        <member name="M:Microsoft.Teams.Apps.QBot.Web.Controllers.KnowledgeBasesController.PostAsync(Microsoft.Teams.Apps.QBot.Domain.Models.KnowledgeBase)">
             <summary>
             POST api/knowledgebases
            
             Creates a new knowledge base.
             </summary>
             <param name="knowledgeBase">Knowledge base.</param>
             <returns><see cref="T:Microsoft.Teams.Apps.QBot.Domain.Models.KnowledgeBase"/>.</returns>
        </member>
        <member name="M:Microsoft.Teams.Apps.QBot.Web.Controllers.KnowledgeBasesController.PutAsync(System.String,Microsoft.Teams.Apps.QBot.Domain.Models.KnowledgeBase)">
             <summary>
             PUT api/knowledgebases/{id}
            
             Updates an existing knowledge base.
             </summary>
             <param name="id">Knowledge base's id.</param>
             <param name="knowledgeBase">Updated knowledge base.</param>
             <returns><see cref="T:Microsoft.Teams.Apps.QBot.Domain.Models.KnowledgeBase"/>.</returns>
        </member>
        <member name="M:Microsoft.Teams.Apps.QBot.Web.Controllers.KnowledgeBasesController.DeleteAsync(System.String)">
             <summary>
             DELETE api/knowledgebases/{id}
            
             Deletes an existing knowledge base.
             </summary>
             <param name="id">Knowledge base's id.</param>
             <returns><see cref="T:Microsoft.Teams.Apps.QBot.Domain.Models.KnowledgeBase"/>.</returns>
        </member>
        <member name="T:Microsoft.Teams.Apps.QBot.Web.Controllers.TutorialGroupsController">
            <summary>
            <see cref="T:Microsoft.Teams.Apps.QBot.Domain.Models.TutorialGroup"/> APIs.
            </summary>
        </member>
        <member name="M:Microsoft.Teams.Apps.QBot.Web.Controllers.TutorialGroupsController.#ctor(Microsoft.Teams.Apps.QBot.Domain.Courses.ICourseReader,Microsoft.Teams.Apps.QBot.Domain.Courses.ICourseSetup,Microsoft.Teams.Apps.QBot.Domain.ITutorialGroupSetup,Microsoft.Extensions.Logging.ILogger{Microsoft.Teams.Apps.QBot.Web.Controllers.TutorialGroupsController},Microsoft.AspNetCore.Authorization.IAuthorizationService)">
            <summary>
            Initializes a new instance of the <see cref="T:Microsoft.Teams.Apps.QBot.Web.Controllers.TutorialGroupsController"/> class.
            </summary>
            <param name="courseReader">CourseReader.</param>
            <param name="courseSetup">Course setup.</param>
            <param name="tutorialGroupSetup">Tutorial group setup.</param>
            <param name="logger">Logger.</param>
            <param name="authorizationService">AuthZ service.</param>
        </member>
        <member name="M:Microsoft.Teams.Apps.QBot.Web.Controllers.TutorialGroupsController.GetAllTutorialGroupMembersAsync(System.String)">
             <summary>
             GET api tutorialgroups/{tutorialgroupId}/members
            
             Gets all the members in the course's tutorial group.
             </summary>
             <param name="tutorialGroupId">Tutorial group's Id.</param>
             <returns>List of <see cref="T:Microsoft.Teams.Apps.QBot.Domain.Models.Member"/>.</returns>
        </member>
        <member name="M:Microsoft.Teams.Apps.QBot.Web.Controllers.TutorialGroupsController.UpdateTutorialGroupAsync(System.String,Microsoft.Teams.Apps.QBot.Domain.Models.TutorialGroup)">
             <summary>
             PUT api tutorialgroups/{id}
            
             Updates tutorial group.
             </summary>
             <param name="tutorialGroupId">Tutorial group id.</param>
             <param name="tutorialGroup">Tutorial group.</param>
             <returns>A <see cref="T:System.Threading.Tasks.Task"/> representing the asynchronous operation.</returns>
        </member>
        <member name="M:Microsoft.Teams.Apps.QBot.Web.Controllers.TutorialGroupsController.CreateTutorialGroupAsync(Microsoft.Teams.Apps.QBot.Domain.Models.TutorialGroup)">
             <summary>
             POST api tutorialgroups
            
             Create a tutorial group.
             </summary>
             <param name="tutorialGroup">Tutorial group.</param>
             <returns>A <see cref="T:System.Threading.Tasks.Task"/> representing the asynchronous operation.</returns>
        </member>
        <member name="M:Microsoft.Teams.Apps.QBot.Web.Controllers.TutorialGroupsController.DeleteTutorialGroupAsync(System.String)">
             <summary>
             Delete api tutorialgroups/{id}
            
             Deletes a tutorial group.
             </summary>
             <param name="tutorialGroupId">Tutorial group id.</param>
             <returns>A <see cref="T:System.Threading.Tasks.Task"/> representing the asynchronous operation.</returns>
        </member>
        <member name="T:Microsoft.Teams.Apps.QBot.Web.Controllers.UsersController">
            <summary>
            <see cref="T:Microsoft.Teams.Apps.QBot.Domain.Models.User"/> APIs.
            </summary>
        </member>
        <member name="M:Microsoft.Teams.Apps.QBot.Web.Controllers.UsersController.#ctor(Microsoft.Teams.Apps.QBot.Domain.Courses.ICourseReader,Microsoft.Teams.Apps.QBot.Domain.Questions.IQuestionReader,Microsoft.Teams.Apps.QBot.Domain.Users.IUserReaderService,Microsoft.AspNetCore.Authorization.IAuthorizationService,Microsoft.Teams.Apps.QBot.Web.Authorization.AuthorizationSettings,Microsoft.Teams.Apps.QBot.Domain.KnowledgeBases.IKnowledgeBaseReader,Microsoft.Extensions.Logging.ILogger{Microsoft.Teams.Apps.QBot.Web.Controllers.UsersController})">
            <summary>
            Initializes a new instance of the <see cref="T:Microsoft.Teams.Apps.QBot.Web.Controllers.UsersController"/> class.
            </summary>
            <param name="courseReader">Course Reader.</param>
            <param name="questionReader">Question reader.</param>
            <param name="userProfileService">User profile service.</param>
            <param name="authorizationService">AuthZ service.</param>
            <param name="authorizationSettings">Auth settings.</param>
            <param name="kbReader">The knowledge base reader.</param>
            <param name="logger">Logger.</param>
        </member>
        <member name="M:Microsoft.Teams.Apps.QBot.Web.Controllers.UsersController.GetConfigurationAsync(System.String)">
             <summary>
             GET api/users/{userid}/configuration.
            
             Gets the configuration for the specified user.
             </summary>
             <param name="userId">The user's AAD Object Id.</param>
             <returns><see cref="T:Microsoft.Teams.Apps.QBot.Domain.Models.UserConfiguration"/>.</returns>
             <response code="200"> Returns the configuration for the user.</response>
             <response code="400"> If the user Id is null or empty.</response>
        </member>
        <member name="M:Microsoft.Teams.Apps.QBot.Web.Controllers.UsersController.GetUserProfileAsync(System.String)">
             <summary>
             GET api/users/{userid}
            
             Gets user profile.
             </summary>
             <param name="userId">user's AAD id.</param>
             <returns>User profile.</returns>
        </member>
        <member name="M:Microsoft.Teams.Apps.QBot.Web.Controllers.UsersController.GetAllCoursesAsync(System.String)">
             <summary>
             GET api/users/{userid}/courses.
            
             Gets all the courses the user is part of.
             </summary>
             <param name="userId">User's Team Id.</param>
             <returns>List of <see cref="T:Microsoft.Teams.Apps.QBot.Domain.Models.Course"/>.</returns>
        </member>
        <member name="M:Microsoft.Teams.Apps.QBot.Web.Controllers.UsersController.GetAllQuestionsAsync(System.String)">
             <summary>
             GET api/users/{userid}/questions.
            
             Gets all the questions asked by the user.
             </summary>
             <param name="userId">User's team Id.</param>
             <returns>List of <see cref="T:Microsoft.Teams.Apps.QBot.Domain.Models.Question"/>.</returns>
        </member>
        <member name="M:Microsoft.Teams.Apps.QBot.Web.Controllers.UsersController.GetAllKnowledgeBasesAsync(System.String)">
            <summary>
            GET api/{userId}/knowledgebases
            </summary>
            <param name="userId">User's id.</param>
            <returns>List of <see cref="T:Microsoft.Teams.Apps.QBot.Domain.Models.KnowledgeBase"/>.</returns>
        </member>
        <member name="T:Microsoft.Teams.Apps.QBot.Web.ApiError">
            <summary>
            API Error Response.
            </summary>
        </member>
        <member name="P:Microsoft.Teams.Apps.QBot.Web.ApiError.Error">
            <summary>
            Gets or sets error.
            </summary>
        </member>
        <member name="T:Microsoft.Teams.Apps.QBot.Web.CustomError">
            <summary>
            API Error.
            </summary>
        </member>
        <member name="P:Microsoft.Teams.Apps.QBot.Web.CustomError.Code">
            <summary>
            Gets or sets Error code.
            </summary>
        </member>
        <member name="P:Microsoft.Teams.Apps.QBot.Web.CustomError.Message">
            <summary>
            Gets or sets Error message.
            </summary>
        </member>
        <member name="P:Microsoft.Teams.Apps.QBot.Web.CustomError.InnerError">
            <summary>
            Gets or sets API InnerError.
            </summary>
        </member>
        <member name="T:Microsoft.Teams.Apps.QBot.Web.InnerError">
            <summary>
            InnerError.
            </summary>
        </member>
        <member name="P:Microsoft.Teams.Apps.QBot.Web.InnerError.Message">
            <summary>
            Gets or sets InnerError message.
            </summary>
        </member>
        <member name="T:Microsoft.Teams.Apps.QBot.Web.ErrorResponseFilterAttribute">
            <summary>
            Handles filtered exceptions and prepares error response.
            </summary>
        </member>
        <member name="M:Microsoft.Teams.Apps.QBot.Web.ErrorResponseFilterAttribute.#ctor(Microsoft.Extensions.Logging.ILogger{Microsoft.Teams.Apps.QBot.Web.ErrorResponseFilterAttribute})">
            <summary>
            Initializes a new instance of the <see cref="T:Microsoft.Teams.Apps.QBot.Web.ErrorResponseFilterAttribute"/> class.
            </summary>
            <param name="logger">Logger.</param>
        </member>
        <member name="P:Microsoft.Teams.Apps.QBot.Web.ErrorResponseFilterAttribute.Logger">
            <summary>
            Gets Logger.
            </summary>
        </member>
        <member name="M:Microsoft.Teams.Apps.QBot.Web.ErrorResponseFilterAttribute.OnActionExecuted(Microsoft.AspNetCore.Mvc.Filters.ActionExecutedContext)">
            <inheritdoc/>
        </member>
        <member name="M:Microsoft.Teams.Apps.QBot.Web.ErrorResponseFilterAttribute.GetObjectResult(Microsoft.Teams.Apps.QBot.Domain.Errors.QBotException)">
            <summary>
            Prepares ObjectResult from QBotException.
            </summary>
            <param name="exception">QBotException instance.</param>
            <returns>Object result.</returns>
        </member>
        <member name="T:Microsoft.Teams.Apps.QBot.Web.Middlewares.RequestContextMiddleware">
            <summary>
            Request context middleware.
            </summary>
        </member>
        <member name="M:Microsoft.Teams.Apps.QBot.Web.Middlewares.RequestContextMiddleware.#ctor(Microsoft.AspNetCore.Http.RequestDelegate)">
            <summary>
            Initializes a new instance of the <see cref="T:Microsoft.Teams.Apps.QBot.Web.Middlewares.RequestContextMiddleware"/> class.
            </summary>
            <param name="next">Next step in the request pipeline.</param>
        </member>
        <member name="M:Microsoft.Teams.Apps.QBot.Web.Middlewares.RequestContextMiddleware.Invoke(Microsoft.AspNetCore.Http.HttpContext)">
            <summary>
            Invokes the middleware.
            </summary>
            <param name="httpContext">Http context.</param>
            <returns>Next task in the pipeline.</returns>
        </member>
        <member name="T:Microsoft.Teams.Apps.QBot.Web.Middlewares.RequestContextMiddlewareExtensions">
            <summary>
            Request context extensions.
            </summary>
        </member>
        <member name="M:Microsoft.Teams.Apps.QBot.Web.Middlewares.RequestContextMiddlewareExtensions.UseRequestContext(Microsoft.AspNetCore.Builder.IApplicationBuilder)">
            <summary>
            Adds request context middleware.
            </summary>
            <param name="builder">App builder.</param>
            <returns>App builder instance.</returns>
        </member>
        <member name="T:Microsoft.Teams.Apps.QBot.Web.Program">
            <summary>
            Entry point of the program.
            </summary>
        </member>
        <member name="M:Microsoft.Teams.Apps.QBot.Web.Program.Main(System.String[])">
            <summary>
            Entry point of the ptogram
            </summary>
            <param name="args">The command line arguments</param>
        </member>
        <member name="M:Microsoft.Teams.Apps.QBot.Web.Program.CreateHostBuilder(System.String[])">
            <summary>
            Create the web host builder based on the command line arguments.
            </summary>
            <param name="args">The command line arguments.</param>
            <returns>The host builder.</returns>
        </member>
        <member name="T:Microsoft.Teams.Apps.QBot.Web.SpaHost.SpaHostConfiguration">
            <summary>
            The SPA Host Configuration is the configuration of the QBot single-page app
            </summary>
        </member>
        <member name="P:Microsoft.Teams.Apps.QBot.Web.SpaHost.SpaHostConfiguration.ApplicationInsightsInstrumentationKey">
            <summary>
            Gets or sets the Application Insights (AI) instrumentation key for the client
            </summary>
            <value>The instrumentation key.</value>
        </member>
        <member name="P:Microsoft.Teams.Apps.QBot.Web.SpaHost.SpaHostConfiguration.BotAppName">
            <summary>
            Gets or sets the Bot's app name
            </summary>
            <value>The Teams' bot name.</value>
        </member>
        <member name="T:Microsoft.Teams.Apps.QBot.Web.Startup">
            <summary>
            The Startup class is reponsible for configuring the DI container and acts as the composition root.
            </summary>
        </member>
        <member name="M:Microsoft.Teams.Apps.QBot.Web.Startup.#ctor(Microsoft.Extensions.Configuration.IConfiguration)">
            <summary>
            Initializes a new instance of the <see cref="T:Microsoft.Teams.Apps.QBot.Web.Startup"/> class.
            </summary>
            <param name="configuration">The environment provided configuration.</param>
        </member>
        <member name="M:Microsoft.Teams.Apps.QBot.Web.Startup.ConfigureServices(Microsoft.Extensions.DependencyInjection.IServiceCollection)">
            <summary>
            Configure the DI container for the application.
            </summary>
            <param name="services">The stub DI container.</param>
            <remarks>
            This is the composition root of the application.
            For more information see: https://go.microsoft.com/fwlink/?LinkID=398940.
            </remarks>
        </member>
        <member name="M:Microsoft.Teams.Apps.QBot.Web.Startup.Configure(Microsoft.AspNetCore.Builder.IApplicationBuilder,Microsoft.AspNetCore.Hosting.IWebHostEnvironment)">
            <summary>
            Configure the application request pipeline.
            </summary>
            <param name="app">The application.</param>
            <param name="env">The environment.</param>
        </member>
    </members>
</doc>
